username,name,segment1,followers,country,engagement_auth,engagament_avg
leomessi,Leo Messi,Sports with a ball,409800000.0,Argentina,17800000.0,23400000.0
cristiano,Cristiano Ronaldo,Sports with a ball,523000000.0,India,11700000.0,14700000.0
thv,V,Music,53800000.0,South Korea,12000000.0,12000000.0
neymarjr,NJ ğŸ‡§ğŸ‡·,Sports with a ball,198900000.0,Brazil,6700000.0,9500000.0
k.mbappe,Kylian MbappeÌ,Sports with a ball,90400000.0,France,6000000.0,8400000.0
jin,Jin of BTS,Music,42200000.0,United States,6600000.0,6600000.0
lalalalisa_m,LISA,Music,85700000.0,Indonesia,5600000.0,6400000.0
uarmyhope,jhope,Art/Artists,42400000.0,South Korea,5900000.0,5900000.0
jennierubyjane,J,Music,72300000.0,Indonesia,4400000.0,5200000.0
karolg,KAROL G,Music,58000000.0,Mexico,4300000.0,5200000.0
kendalljenner,Kendall,Modeling,268000000.0,United States,3200000.0,5000000.0
jennaortega,Jenna Ortega,Cinema & Actors/actresses,23800000.0,United States,3500000.0,4900000.0
antonelaroccuzzo,Antonela Roccuzzo,Modeling,23700000.0,Argentina,2800000.0,4600000.0
rkive,RM,Lifestyle,40400000.0,Ethiopia,4600000.0,4600000.0
kyliejenner,Kylie ğŸ¤,Fashion,376300000.0,United States,2700000.0,4300000.0
dlwlrma,á„‹á…µá„Œá…µá„€á…³á†· IU,Art/Artists,28400000.0,South Korea,3500000.0,4200000.0
noahschnapp,Noah Schnapp,Cinema & Actors/actresses,27400000.0,Brazil,3200000.0,4099999.9999999995
billieeilish,BILLIE EILISH,Music,107500000.0,United States,2900000.0,3800000.0
sooyaaa__,JISOOğŸ¤,Music,66700000.0,Indonesia,3300000.0,3800000.0
eunwo.o_c,ì°¨ì€ìš°,Music,31600000.0,Indonesia,3100000.0,3600000.0
richarlison,Richarlison,Sports with a ball,20100000.0,Brazil,1900000.0,3500000.0
oliviarodrigo,Olivia Rodrigo,Music,28900000.0,United States,2800000.0,3500000.0
arianagrande,Ariana Grande,Music,345900000.0,United States,2500000.0,3400000.0
bts.bighitofficial,BTS official,Music,69600000.0,Indonesia,2900000.0,3300000.0
juliaanalvarez,JuliaÌn AlvarezğŸ•·,Sports with a ball,9100000.0,Argentina,1700000.0,3200000.0
jongsuk0206,ì´ì¢…ì„,Cinema & Actors/actresses,24600000.0,Indonesia,2500000.0,3200000.0
travisscott,flame,Music,47600000.0,United States,2100000.0,3100000.0
sadiesink_,Sadie Sink,Modeling,25400000.0,Brazil,2200000.0,3100000.0
milliebobbybrown,Millie Bobby Brown,Cinema & Actors/actresses,60500000.0,Brazil,2400000.0,3000000.0
real__pcy,EXO_CY,Music,23900000.0,Indonesia,2400000.0,3000000.0
taylorswift,Taylor Swift,Music,236500000.0,Brazil,2300000.0,3000000.0
actorleeminho,á„‹á…µá„†á…µá†«á„’á…© leeminho,Cinema & Actors/actresses,31500000.0,Indonesia,2300000.0,2900000.0
selenagomez,Selena Gomez,Photography,365400000.0,United States,2200000.0,2900000.0
rodridepaul,Rodrigo De Paul,Sports with a ball,10600000.0,Argentina,1600000.0,2900000.0
virat.kohli,Virat Kohli,Sports with a ball,228800000.0,India,2500000.0,2800000.0
hi_songjoongki,á„‰á…©á†¼á„Œá…®á†¼á„€á…µ songjoongki official,Cinema & Actors/actresses,10400000.0,Indonesia,1900000.0,2800000.0
aliaabhatt,Alia Bhatt ğŸ’›,Cinema & Actors/actresses,73500000.0,India,2200000.0,2700000.0
khaby00,Khaby Lame,Sports with a ball,80300000.0,India,2000000.0,2700000.0
emi_martinez26,Emi Martinez,Lifestyle,10100000.0,United Kingdom,1800000.0,2700000.0
meganfox,Megan Fox,Cinema & Actors/actresses,20800000.0,United States,1600000.0,2700000.0
kimkardashian,Kim Kardashian,Fashion,337400000.0,United States,1800000.0,2600000.0
tchalamet,TimotheÌe Chalamet,Cinema & Actors/actresses,18100000.0,United States,1600000.0,2600000.0
sidhu_moosewala,Sidhu Moosewala (à¨®à©‚à¨¸à©‡ à¨†à¨²à¨¾),Lifestyle,11700000.0,India,2200000.0,2600000.0
vinijr,Vinicius Jr. âš¡ï¸ğŸ‡§ğŸ‡·,Sports with a ball,28100000.0,Brazil,1500000.0,2600000.0
achrafhakimi,Achraf Hakimi,Sports with a ball,14400000.0,Morocco,1700000.0,2500000.0
georginagio,Georgina RodriÌguez,Lifestyle,40400000.0,India,1800000.0,2500000.0
imhyoseop,ì•ˆíš¨ì„­,Lifestyle,9700000.0,Indonesia,2100000.0,2400000.0
eumirellasantos,Mirella Santos,Modeling,12200000.0,Brazil,1200000.0,2400000.0
enzojfernandez,Enzo FernaÌndez âš½ï¸,Lifestyle,6200000.0,Argentina,1100000.0,2300000.0
iamcardib,Cardi B,Music,144900000.0,United States,1600000.0,2300000.0
michaelbjordan,Michael B. Jordan,Cinema & Actors/actresses,19300000.0,United States,1500000.0,2200000.0
bn_sj2013,á„‡á…¡á†¨á„‰á…¥á„Œá…®á†«,Cinema & Actors/actresses,23100000.0,Indonesia,1900000.0,2200000.0
virginia,Virginia Fonseca Costa,Shows,41600000.0,Brazil,1400000.0,2200000.0
momo,ëª¨ëª¨ (MOMO),Lifestyle,9300000.0,Turkey,1500000.0,2200000.0
karimbenzema,Karim Benzema,Sports with a ball,63200000.0,France,1500000.0,2200000.0
jairmessiasbolsonaro,Jair M. Bolsonaro,Finance & Economics,25700000.0,Brazil,1500000.0,2100000.0
luisitocomunica,Luisillo El Pillo,Humor & Fun & Happiness,32900000.0,Mexico,1600000.0,2100000.0
sza,SZA,Music,13800000.0,United States,1300000.0,2100000.0
pablogavi,GAVI,Sports with a ball,12000000.0,Spain,1400000.0,2100000.0
banksy,Banksy,Art/Artists,11900000.0,United States,1500000.0,2000000.0
anushkasharma,AnushkaSharma1588,Cinema & Actors/actresses,61700000.0,India,1800000.0,2000000.0
iamsrk,Shah Rukh Khan,Cinema & Actors/actresses,33500000.0,India,1600000.0,2000000.0
kourtneykardash,Kourtney Kardashian Barker,Lifestyle,205600000.0,United States,1400000.0,2000000.0
hi_high_hiy,á„’á…ªá†¼á„‹á…µá†«á„‹á…§á†¸,Cinema & Actors/actresses,15100000.0,South Korea,1700000.0,2000000.0
handemiyy,Hande ErcÌ§el,Cinema & Actors/actresses,29200000.0,Turkey,1500000.0,2000000.0
alidaei,Ali Daei,Sports with a ball,11300000.0,Iran,1100000.0,1900000.0
angeldimariajm,AÌngel Di MariÌa,Sports with a ball,23200000.0,Argentina,1300000.0,1900000.0
chrisevans,Chris Evans,Cinema & Actors/actresses,18300000.0,United States,1600000.0,1900000.0
bizarrap,BZRP,Music,15700000.0,Argentina,1500000.0,1900000.0
nayeonyny,ë‚˜ì—° (NAYEON),Lifestyle,9200000.0,Brazil,1600000.0,1900000.0
yellow_3to3,REN JUN,Lifestyle,6700000.0,Indonesia,1700000.0,1900000.0
lilireinhart,Lili Reinhart,Cinema & Actors/actresses,28400000.0,Brazil,1200000.0,1800000.0
min9yu_k,ê¹€ë¯¼ê·œ,Music,8100000.0,Indonesia,1500000.0,1800000.0
onyourm__ark,Mark,Lifestyle,9900000.0,Indonesia,1400000.0,1800000.0
blakelively,Blake Lively,Cinema & Actors/actresses,37000000.0,United States,1200000.0,1800000.0
adele,Adele,Music,51000000.0,United States,1300000.0,1800000.0
rashmika_mandanna,Rashmika Mandanna,Beauty,35600000.0,India,1500000.0,1800000.0
paulodybala,Paulo Dybala,Sports with a ball,51000000.0,Argentina,1100000.0,1800000.0
danbilzerian,Dan Bilzerian,Cinema & Actors/actresses,33600000.0,India,1100000.0,1800000.0
melissamelmaia,MEL MAIA ğŸ¯,Music,16399999.999999998,Brazil,915800.0,1700000.0
haileybieber,Hailey Rhode Baldwin Bieber,Lifestyle,49600000.0,United States,1300000.0,1700000.0
chaeyo.0,ì±„ì˜ (CHAEYOUNG),Lifestyle,7600000.0,Philippines,1500000.0,1700000.0
renebaebae,IRENE,Lifestyle,10900000.0,Indonesia,1400000.0,1700000.0
oohsehun,SEHUN,Music,23300000.0,Indonesia,1400000.0,1700000.0
ishowspeed,IShowSpeed,Lifestyle,7200000.0,United Kingdom,1200000.0,1700000.0
enhypen,ENHYPEN,Lifestyle,11300000.0,Indonesia,1300000.0,1600000.0
m.by__sana,ì‚¬ë‚˜ (SANA),Lifestyle,8300000.000000001,Yemen,1300000.0,1600000.0
louispartridge_,LouisğŸ’,Cinema & Actors/actresses,9200000.0,United States,1100000.0,1600000.0
hziyech,Hakim Ziyech,Sports with a ball,9000000.0,Morocco,1200000.0,1600000.0
sydney_sweeney,Sydney Sweeney,Lifestyle,14500000.0,United States,860500.0,1600000.0
do0_nct,Doyoung,Lifestyle,10800000.0,Indonesia,1300000.0,1600000.0
niallhoran,Niall Horan,Music,30900000.0,United States,1100000.0,1600000.0
thedeverakonda,Vijay Deverakonda,Cinema & Actors/actresses,17700000.0,India,1400000.0,1600000.0
ester_exposito,Ester ğŸŒ™,Cinema & Actors/actresses,28500000.0,Mexico,1100000.0,1600000.0
madisonbeer,Madison Beer,Music,34000000.0,United States,1200000.0,1600000.0
taeoxo_nct,TAEYONG,Lifestyle,10000000.0,Australia,1300000.0,1500000.0
jichangwook,ì§€ì°½ìš±,Cinema & Actors/actresses,22500000.0,Indonesia,1200000.0,1500000.0
judebellingham,Jude Bellingham,Lifestyle,5200000.0,United Kingdom,560500.0,1500000.0
pewdiepie,PewDiePie,Computers & Gadgets,21700000.0,United States,1200000.0,1500000.0
holyhaein,ì •í•´ì¸,Lifestyle,10600000.0,Indonesia,1200000.0,1500000.0
mclomaofficial,Paloma Santos ğŸŸ,Music,12300000.0,Brazil,886900.0,1500000.0
realstraykids,Stray Kids,Music,23600000.0,Indonesia,1200000.0,1500000.0
narendramodi,Narendra Modi,Finance & Economics,71300000.0,India,1300000.0,1500000.0
lanarhoades,Lana Rhoades,Lifestyle,16600000.000000002,United States,943000.0,1500000.0
for_everyoung10,ì¥ì›ì˜ WONYOUNG,Lifestyle,6500000.0,China,1300000.0,1500000.0
leedongwook_official,ì´ë™ìš± (Official_Instagram),Cinema & Actors/actresses,15100000.0,Indonesia,1100000.0,1500000.0
zkdlin,KAI,Music,14200000.0,Indonesia,1200000.0,1500000.0
jenniferaniston,Jennifer Aniston,Cinema & Actors/actresses,41100000.0,Brazil,1000000.0,1500000.0
_zyozyo,JIHYO,Lifestyle,7400000.0,Indonesia,1100000.0,1400000.0
lizgillz,Elizabeth Gillies,Music,14200000.0,Mexico,994100.0,1400000.0
aliiiiiiiikarimi8,Ali Karimi,Sports with a ball,14400000.0,Iran,952800.0,1400000.0
xeesoxee,á„’á…¡á†«á„‰á…©á„’á…´,Lifestyle,10500000.0,Indonesia,1000000.0,1400000.0
conangray,Conan Gray,Music,7200000.0,United States,1000000.0,1400000.0
josephquinn,Joseph Quinn,Cinema & Actors/actresses,8100000.0,Brazil,1200000.0,1400000.0
clean_0828,á„€á…µá†·á„‰á…¦á„Œá…¥á†¼,Lifestyle,9000000.0,Indonesia,1100000.0,1400000.0
henrycavill,Henry Cavill,Cinema & Actors/actresses,23200000.0,Brazil,1100000.0,1400000.0
theweeknd,The Weeknd,Music,46500000.0,United States,1100000.0,1400000.0
justinbieber,Justin Bieber,Music,270000000.0,Brazil,1000000.0,1400000.0
everyone_woo,Wonwoo,Music,4099999.9999999995,Indonesia,1100000.0,1400000.0
kit.connor,Kit Connor,Cinema & Actors/actresses,4800000.0,United States,817700.0,1400000.0
dualipa,DUA LIPA,Music,87600000.0,United States,1100000.0,1400000.0
hardikpandya93,Hardik Himanshu Pandya,Sports with a ball,24400000.0,India,1200000.0,1400000.0
joshu_acoustic,Joshua Hong,Music,5500000.0,India,1100000.0,1300000.0
mingue.k,ê¹€ë¯¼ê·œ,Lifestyle,6600000.0,Indonesia,1100000.0,1300000.0
eumarielysantos,Mariely Santos,Music,8600000.0,Brazil,658700.0,1300000.0
rampage_thedancer,RAMPAGE THE DANCER ğŸ‡¨ğŸ‡º,Water sports,2200000.0,United States,1100000.0,1300000.0
carryminati,ğ‘¨ğ’‹ğ’†ğ’š ğ‘µğ’‚ğ’ˆğ’‚ğ’“,Computers & Gadgets,16500000.0,India,1100000.0,1300000.0
skuukzky,á„‰á…®á†½á„‹á…µ  ğŸ’„ğŸ’…ğŸ‘¡ğŸ‘ ğŸ€ğŸ‘™ğŸŒ‚ğŸ‘—ğŸŒ‚ğŸ€ğŸ’‹ğŸ’Œ,Clothing & Outfits,18100000.0,Indonesia,1100000.0,1300000.0
luvadepedreiro,Iran Ferreira,Family,20100000.0,Brazil,754500.0,1300000.0
tinistoessel,LaTripleT,Music,19600000.0,Argentina,950400.0,1300000.0
hero_ft,Hero Fiennes Tiffin,Cinema & Actors/actresses,7600000.0,Brazil,790900.0,1300000.0
m_kayoung,MUN KA YOUNG,Cinema & Actors/actresses,8800000.0,Indonesia,963500.0,1300000.0
bellahadid,Bella ğŸ¦‹,Modeling,56600000.0,United States,799400.0,1300000.0
duki,Ya Supiste,Music,11500000.0,Argentina,817600.0,1300000.0
rohitsharma45,Rohit Sharma,Sports with a ball,26100000.0,India,1200000.0,1300000.0
imcryansp,GORDIN BOLOLO ğŸ«¶ğŸ½,Lifestyle,6400000.0,Brazil,537500.0,1300000.0
mileycyrus,Miley Cyrus,Music,189800000.0,United States,998200.0,1300000.0
lucyhale,Lucy Hale,Cinema & Actors/actresses,24600000.0,United States,984100.0,1300000.0
johnnyjsuh,Johnny Suh,Lifestyle,9100000.0,Indonesia,985900.0,1300000.0
mrbeast,MrBeast,Shows,21700000.0,United States,974400.0,1300000.0
cbum,Chris Bumstead,Fitness & Gym,11800000.0,India,836400.0,1300000.0
iamferv,katteyes,Lifestyle,11400000.0,Mexico,812700.0,1200000.0
mcdanieloficiall,Mc Daniel,Family,8000000.0,Brazil,441300.0,1200000.0
surya_14kumar,Surya Kumar Yadav (SKY),Lifestyle,5700000.0,India,910900.0,1200000.0
arigameplays,ARIGAMEPLAYS,Lifestyle,11900000.0,Mexico,969900.0,1200000.0
jeonghaniyoo_n,ìœ¤ì •í•œ,Lifestyle,4099999.9999999995,Iran,979600.0,1200000.0
lautaromartinez,Lautaro Javier Martinez,Sports with a ball,8400000.0,Italy,765200.0,1200000.0
fabriziorom,Fabrizio Romano,Literature & Journalism,11600000.0,Italy,672900.0,1200000.0
bbrightvc,bright,Cinema & Actors/actresses,16800000.0,Indonesia,996200.0,1200000.0
liluzivert,Lil Uzi Vert,Music,16900000.0,United States,632200.0,1200000.0
emmachamberlain,emma chamberlain,Lifestyle,16200000.0,United States,751400.0,1200000.0
centralcee,ğŸ“²,Lifestyle,5500000.0,United Kingdom,513400.0,1200000.0
finnwolfhardofficial,Finn Wolfhard,Music,25900000.0,Brazil,884600.0,1200000.0
rosalia.vt,LA ROSALIÌA,Music,23100000.0,Spain,914800.0,1200000.0
dahhyunnee,ë‹¤í˜„ (DAHYUN),Music,6900000.0,Brazil,1100000.0,1200000.0
strangerthingstv,Stranger Things Netflix,Cinema & Actors/actresses,22200000.0,Brazil,903400.0,1200000.0
lewishamilton,Lewis Hamilton,Racing Sports,31000000.0,Brazil,833100.0,1200000.0
erling.haaland,Erling Braut Haaland,Lifestyle,21600000.0,Brazil,820800.0,1200000.0
jasonstatham,Jason Statham,Cinema & Actors/actresses,31800000.0,India,845800.0,1200000.0
theestallion,Megan Thee Stallion,Music,30100000.0,United States,660200.0,1200000.0
rohittt_09_,ğ‘ğ¨ğ¡ğ¢ğ­ ğ™ğ¢ğ§ğ£ğ®ğ«ğ¤ğ ~ ğ«ğğšğœğ­ğ¢ğ¨ğ§ğ›ğ¨ğ¢ ğŸ’«,Shows,24800000.0,India,880400.0,1200000.0
alwaysramcharan,Ram Charan,Cinema & Actors/actresses,10800000.0,India,998200.0,1100000.0
hshq,Harry Styles HQ,Music,6900000.0,United States,618400.0,1100000.0
aron.piper,ARONğŸŒœğŸŒ,Music,13300000.0,Brazil,587100.0,1100000.0
mosalah,Mohamed Salah,Sports with a ball,55000000.0,Indonesia,760800.0,1100000.0
dovecameron,DOVE,Cinema & Actors/actresses,48400000.0,United States,861400.0,1100000.0
bambam1a,BamBam,Music,17100000.0,Brazil,864600.0,1100000.0
_rl9,Robert Lewandowski,Sports with a ball,31700000.0,Poland,889400.0,1100000.0
gigihadid,Gigi Hadid,Modeling,76400000.0,United States,752100.0,1100000.0
nasa,NASA,Science,86000000.0,India,931900.0,1100000.0
aespa_official,aespa á„‹á…¦á„‰á…³á„‘á…¡,Music,9700000.0,Indonesia,975100.0,1100000.0
bighit_ent,BigHit Music Updates,Music,12700000.0,Indonesia,855900.0,1100000.0
antony00,Antony Santos,Sports with a ball,9600000.0,Brazil,594300.0,1100000.0
blackpinkofficial,BLÎ›Æ†KPIĞ˜K,Music,51400000.0,Indonesia,861700.0,1100000.0
kendricklamar,Kendrick Lamar,Music,12100000.0,United States,594800.0,1100000.0
leoparedes20,Leandro Paredes,Sports with a ball,8199999.999999999,Argentina,678000.0,1100000.0
kh1000le,CHENLE ZHONG,Music,3000000.0,Indonesia,980800.0,1100000.0
alluarjunonline,Allu Arjun,Cinema & Actors/actresses,19800000.0,India,912300.0,1100000.0
ibaillanos,Ibai,Art/Artists,8300000.000000001,Spain,794800.0,1100000.0
tannerbuchananofficial,Tanner Buchanan Official,Cinema & Actors/actresses,4099999.9999999995,United States,622300.0,1000000.0
labels.hybe,HYBE LABELS Updates,Shows,2300000.0,India,891100.0,1000000.0
dojacat,Doja Cat,Music,25000000.0,United States,738300.0,1000000.0
lukamodric10,Luka Modric,Sports with a ball,26900000.0,Spain,712900.0,1000000.0
katrinakaif,Katrina Kaif,Beauty,69300000.0,India,882200.0,1000000.0
miakhalifa,Mia K.,Fitness & Gym,27700000.0,India,652000.0,1000000.0
kingjames,ğŸ‘‘,Sports with a ball,139400000.0,United States,643400.0,1000000.0
srinidhi_shetty,Srinidhi Shetty ğŸŒ¸,Beauty,4800000.0,India,774300.0,1000000.0
ursulolita,UÌrsula CorberoÌ âœ¨,Cinema & Actors/actresses,23000000.0,Brazil,707100.0,1000000.0
trippieredd,555,Music,13500000.0,United States,513900.0,1000000.0
madelyncline,Madelyn Cline,Cinema & Actors/actresses,12600000.0,United States,708800.0,1000000.0
_chaechae_1,ê¹€ì±„ì› (CHAEWON),Lifestyle,3900000.0,South Korea,871700.0,1000000.0
carlinhosmaiaof,Carlinhos MaiağŸŒ»,Lifestyle,26400000.0,Brazil,552100.0,1000000.0
champagnepapi,champagnepapi,Music,126300000.0,United States,587000.0,998800.0
shraddhakapoor,Shraddha âœ¶,Cinema & Actors/actresses,76900000.0,India,851700.0,989100.0
asaprocky,A$AP ROCKY,Music,15200000.0,United States,586000.0,979000.0
joelocke03,Joe Locke,Cinema & Actors/actresses,3500000.0,United Kingdom,552500.0,978600.0
therock,Dwayne Johnson,Fitness & Gym,355200000.0,India,761200.0,976300.0
therealcalebmclaughlin,Caleb McLaughlin,Cinema & Actors/actresses,15200000.0,United States,659300.0,968400.0
papugomez_official,Ä±llÄ±llÄ± Papu Gomez  Ä±llÄ±llÄ±,Family,6500000.0,Italy,645900.0,967000.0
kimberly.loaiza,KIM LOAIZA ğŸ–¤,Clothing & Outfits,36600000.0,Mexico,797900.0,963100.0
garnacho7,Alejandro Garnacho,Sports with a ball,3400000.0,Spain,530700.0,962900.0
lelepons,Lele Pons,Music,50300000.0,Mexico,615600.0,958700.0
dk_is_dokyeom,ë„ê²¸,Lifestyle,4000000.0,Indonesia,832100.0,958700.0
xuminghao_o,The8 ë””ì—ì‡,Music,5800000.0,Indonesia,755400.0,951800.0
luissuarez9,Luis SuÃ¡rez,Sports with a ball,45500000.0,Brazil,614500.0,949300.0
viihtube,Viih Tube,Cinema & Actors/actresses,25600000.0,Brazil,502500.0,947800.0
offsetyrn,OFFSET,Music,20800000.0,United States,526900.0,944500.0
paulwesley,Paul Wesley,Cinema & Actors/actresses,12500000.0,Brazil,631100.0,943000.0
kimjuncotton,SUHO,Lifestyle,10500000.0,Indonesia,788600.0,940200.0
lucaspaqueta,Lucas PaquetaÌ,Sports with a ball,8900000.0,Brazil,544700.0,936900.0
vinniehacker,â€ ,Lifestyle,5800000.0,United States,448300.0,936600.0
domelipa,domelipa,Lifestyle,20700000.0,Mexico,761200.0,927600.0
jessicah_o,Jessi / á„Œá…¦á„‰á…µ,Music,12900000.0,United States,717800.0,918300.0
mccabelinho,LITTLE HAIR,Lifestyle,7200000.0,Brazil,465200.0,913500.0
barbieferreira,barbie ferreira,Music,6000000.0,United States,502900.0,911600.0
urstrulymahesh,Mahesh Babu,Cinema & Actors/actresses,9400000.0,India,828300.0,911500.0
charlidamelio,charli,Lifestyle,48700000.0,United States,786600.0,908700.0
keerthysureshofficial,Keerthy Suresh,Beauty,14100000.0,India,824900.0,903200.0
djxiao_888,XIAOJUN,Music,7100000.0,Indonesia,720000.0,900500.0
samoylovaoxana,Samoylova Oxana,Family,15400000.0,Russia,662000.0,897600.0
larasilva,Lara Silva,Shows,17300000.0,Brazil,582700.0,897200.0
germangarmendia,GERMAN,Cinema & Actors/actresses,15200000.0,Argentina,741000.0,895800.0
harshasai_,Harsha sai,Shows,3600000.0,India,783600.0,891900.0
saythename_17,SEVENTEEN,Music,10700000.0,Indonesia,792800.0,891800.0
chrishemsworth,Chris Hemsworth,Cinema & Actors/actresses,56100000.0,India,687300.0,885400.0
jacksonwang852g7,Jackson Wang,Music,30800000.0,China,741100.0,884300.0
shakira,Shakira,Music,77900000.0,United States,647100.0,884100.0
dntlrdl,CHOIWOOSHIK,Lifestyle,7200000.0,Indonesia,675600.0,884000.0
manurios,Manu Rios,Shows,11100000.0,Mexico,522500.0,881400.0
bellapoarch,Bella Poarch,Lifestyle,13600000.0,United States,681900.0,881300.0
feat.dino,ì´ì°¬,Lifestyle,2700000.0,South Korea,716600.0,876400.0
samantharuthprabhuoffl,Samantha,Beauty,24300000.0,India,727100.0,871000.0
keniaos,Kenia Os,Music,14300000.0,Mexico,669700.0,869600.0
yangyang_x2,YangYang á„‹á…£á†¼á„‹á…£á†¼,Music,6700000.0,Indonesia,682700.0,866500.0
hazardeden_10,Eden Hazard,Sports with a ball,27200000.0,Indonesia,529100.0,865300.0
pozevidalouca,Poze Do Rodo ğŸ¤‘,Lifestyle,9900000.0,Brazil,344700.0,863500.0
tenlee_1001,TEN_+â€¢10,Music,10200000.0,Indonesia,673900.0,862700.0
rodrygogoes,Rodrygo Goes - RG âš¡ï¸ğŸ‡§ğŸ‡·,Lifestyle,9700000.0,Brazil,567700.0,861800.0
robertdowneyjr,Robert Downey Jr.,Cinema & Actors/actresses,53900000.0,India,687800.0,861100.0
jinyoung_0922jy,ë°•ì§„ì˜,Music,10000000.0,Indonesia,650400.0,860600.0
loganpaul,Logan Paul,Fitness & Gym,24600000.0,United States,644800.0,860300.0
akshaykumar,Akshay Kumar,Cinema & Actors/actresses,63600000.0,India,721000.0,856200.0
actorprabhas,Prabhas,Shows,9100000.0,India,764500.0,855900.0
whrbtjd,á„Œá…©á„€á…²á„‰á…¥á†¼ (gue sung cho),Sports with a ball,2900000.0,South Korea,718200.0,855800.0
somsomi0309,ENNIK SOMI,Music,16200000.0,Indonesia,705200.0,852900.0
ho5hi_kwon,HOSHI,Lifestyle,4300000.0,Indonesia,654000.0,850400.0
tyga,T-Raww,Music,37700000.0,United States,565200.0,845000.0
iammichelemorroneofficial,Michele Morrone,Lifestyle,15700000.0,Brazil,589500.0,844600.0
percy,Percy Hynes White,Lifestyle,3300000.0,United States,503300.0,839600.0
pedri,Pedri GonzÃ¡lez,Sports with a ball,9200000.0,Spain,534400.0,838100.0
nct,NCT Official Instagram,Music,15000000.0,Indonesia,672900.0,834500.0
sadiomaneofficiel,Sadio Mane,Sports with a ball,13000000.0,United Kingdom,583400.0,832000.0
dishapatani,disha patani (paatni) ğŸ¦‹,Cinema & Actors/actresses,55500000.0,India,674200.0,830300.0
ashishchanchlani,Ashish Chanchlani,Cinema & Actors/actresses,14400000.0,India,676300.0,826900.0
darianrojasc,DARIAN R. C R A W S T O N âœ—,Lifestyle,7900000.0,Mexico,747000.0,825900.0
madelame,Madelaine Petsch,Cinema & Actors/actresses,25400000.0,Russia,584200.0,817400.0
gal_gadot,Gal Gadot,Cinema & Actors/actresses,92300000.0,United States,629000.0,813100.0
junhui_moon,JUN æ–‡ä¿Šè¾‰,Lifestyle,3400000.0,Indonesia,661500.0,811400.0
jacobelordi,Jacob Elordi,Cinema & Actors/actresses,12900000.0,Brazil,489500.0,806800.0
perrieedwards,Perrie Edwards ğŸ–¤,Modeling,16700000.0,Brazil,571000.0,806300.0
todayis_wendy,Wendy,Lifestyle,7300000.0,Indonesia,674400.0,805000.0
nikolasferreiradm,Nikolas Ferreira ğŸ‡§ğŸ‡·,Lifestyle,6100000.0,Brazil,392900.0,803400.0
pledis_boos,ìŠ¹ê´€ SEUNGKWAN,Music,5000000.0,Indonesia,659500.0,799900.0
sophiet,S O P H I E T U R N E R,Cinema & Actors/actresses,14700000.0,United States,594200.0,798700.0
_mariahwasa,HWASA,Music,8400000.0,Brazil,614700.0,792900.0
nicolasotamendi30,Twitter Oficial: @Notamendi30,Sports with a ball,6900000.0,Argentina,469900.0,787300.0
heybiblee,á„‹á…µá„‰á…¥á†¼á„€á…§á†¼,Modeling,14500000.0,Indonesia,582900.0,787000.0
zacefron,Zac Efron,Cinema & Actors/actresses,56600000.0,United States,542400.0,786100.0
yailinlamasviralreal,Yailin la Mas Viral â™‹ï¸ğŸ§¿,Lifestyle,6300000.0,United States,547800.0,782800.0
rauwalejandro,RAULEETO,Music,15600000.0,Spain,539300.0,779900.0
frenkiedejong,Frenkie de Jong,Sports with a ball,11000000.0,Spain,557700.0,778200.0
lilnasx,dumb,Music,12300000.0,United States,464300.0,776900.0
wi__wi__wi,á„‹á…±á„’á…¡á„Œá…®á†« Wi Ha Jun,Lifestyle,10400000.0,South Korea,643700.0,774900.0
priyankaamohanofficial,Priyanka Mohan,Photography,3900000.0,India,671200.0,770100.0
_yujin_an,ì•ˆìœ ì§„ AN YUJIN,Lifestyle,3900000.0,South Korea,723700.0,766400.0
bocade09,Boca de 09,Lifestyle,6800000.0,Brazil,405600.0,766000.0
bhuvan.bam22,Bhuvan Bam,Cinema & Actors/actresses,15100000.0,India,615400.0,761500.0
iamzlatanibrahimovic,Zlatan IbrahimoviÄ‡,Sports with a ball,57100000.0,Italy,481700.0,760900.0
sav.labrant,Savannah Rose LaBrant,Family,7200000.0,United States,563100.0,753100.0
maneskinofficial,MaÌŠneskin,Modeling,6400000.0,Italy,533600.0,752600.0
kunaguero,Sergio Leonel AguÌˆero,Sports with a ball,25800000.0,Argentina,433700.0,751000.0
toyajohnson,Antonia â€œToyaâ€ Johnson- Rushing,Literature & Journalism,11600000.0,United States,393000.0,749500.0
missasinfonia,MissaSinfonia,Cinema & Actors/actresses,6300000.0,Mexico,668100.0,748300.0
_shotaroo_,SHOTARO ã‚·ãƒ§ã‚¦ã‚¿ãƒ­ã‚¦,Lifestyle,5800000.0,South Korea,642900.0,745100.0
_hakkencoser_,Hakken å…«çŠ¬,Gaming,3900000.0,United States,604800.0,738700.0
gatenm123,Gaten Matarazzo,Music,18700000.0,Brazil,551100.0,727700.0
amauryguichon,Amaury Guichon,Food & Cooking,10600000.0,United States,596200.0,727100.0
jlo,Jennifer Lopez,Music,229300000.0,United States,571700.0,725200.0
kun11xd,KUN,Lifestyle,7100000.0,Indonesia,580400.0,724900.0
haileesteinfeld,hailee steinfeld,Cinema & Actors/actresses,19900000.0,United States,569500.0,723000.0
realmadrid,Real Madrid C.F.,Sports with a ball,129400000.0,Spain,516600.0,720500.0
juliopfernandez,J U L I O   P E Ã‘ A   F. D E Z,Art/Artists,3300000.0,Brazil,567300.0,720400.0
anyataylorjoy,Anya Taylor-Joy,Modeling,9200000.0,United States,499500.0,719700.0
hi_sseulgi,ìŠ¬ê¸° Seulgi,Modeling,12700000.0,Indonesia,573800.0,719100.0
sabrinacarpenter,Sabrina Carpenter,Music,28100000.0,Brazil,584800.0,717600.0
awez_darbar,Awez Darbar,Shows,26400000.0,India,596400.0,714700.0
jensenackles,Jensen Ackles,Cinema & Actors/actresses,10200000.0,United States,550000.0,714400.0
saraalikhan95,Sara Ali Khan,Cinema & Actors/actresses,41400000.0,India,582600.0,710700.0
maya_hawke,Maya Hawke,Cinema & Actors/actresses,10700000.0,United States,512700.00000000006,709700.0
pedroguilherme,Pedro Guilherme,Lifestyle,5500000.0,Brazil,367400.0,709400.0
krithi.shetty_official,Krithi Shetty,Beauty,4300000.0,India,599300.0,708500.0
smriti_mandhana,Smriti Mandhana,Sports with a ball,6900000.0,India,610900.0,707600.0
o.dembele7,Ousmane DembÃ©lÃ©,Sports with a ball,12800000.0,Spain,413400.0,706600.0
ana_d_armas,A N A   D E   A R M A S,Cinema & Actors/actresses,8800000.0,United States,518700.00000000006,701700.0
iansomerhalder,iansomerhalder,Cinema & Actors/actresses,23800000.0,United States,465800.0,696200.0
chetri_sunil11,Sunil Chhetri,Sports with a ball,3500000.0,India,535300.0,695600.0
wow_kimsohyun,á„€á…µá†·á„‰á…©á„’á…§á†«,Music,12500000.0,Indonesia,603000.0,693500.0
yooncy1,ìœ¤ì°¬ì˜ Chan-young Yoon,Lifestyle,4800000.0,South Korea,574800.0,691400.0
abdu_rozik,Abduroziq Official,Music,6500000.0,Russia,517100.0,689500.0
deepikapadukone,Deepika Padukone,Cinema & Actors/actresses,70500000.0,India,527200.0,688100.0
cbf_futebol,SeleÃ§Ã£o Brasileira de Futebol,Sports with a ball,15700000.0,Brazil,368700.0,687200.0
nba_youngboy,PAIN REAL.ğŸ©¸,Art/Artists,10700000.0,United States,358000.0,686700.0
eminem,Marshall Mathers,Cinema & Actors/actresses,37500000.0,United States,514000.0,679200.0
cznburak,Burak OÌˆzdemir,Food & Cooking,42300000.0,Turkey,499500.0,676700.0
taeyeon_ss,TaeYeon,Music,18900000.0,South Korea,554500.0,674400.0
433,433,Sports with a ball,58200000.0,Spain,404800.0,672100.0
morganasecco,Morgana Secco,Family,4099999.9999999995,Brazil,394600.0,671900.0
cazzu,â™¡ ğ–“ğ–Šğ–“ğ–† á´›Ê€á´€á´á´˜á´€,Music,10900000.0,Argentina,522299.99999999994,669100.0
polo.capalot,Polo.GğŸ,Music,10500000.0,United States,407100.0,668900.0
naileadevora,nai,Lifestyle,5400000.0,United States,452200.0,668000.0
hrithikroshan,Hrithik Roshan,Cinema & Actors/actresses,44600000.0,India,528300.0,667700.0
davidbeckham,David Beckham,Family,76400000.0,India,497300.0,664600.0
danielricciardo,Daniel Ricciardo,Racing Sports,7700000.0,United States,499600.0,662900.0
shehnaazgill,Shehnaaz Gill,Cinema & Actors/actresses,13500000.0,India,539500.0,662800.0
lilpeep,lil peep,Music,7700000.0,United States,394200.0,662100.0
ronaldo,Ronaldo,Sports with a ball,26300000.0,Brazil,401600.0,661700.0
rizkybillar,Muhammad Rizky Billar,Shows,12700000.0,Indonesia,509900.0,660500.0
hm_son7,Son HeungMin(ì†í¥ë¯¼)ğŸ‡°ğŸ‡·,Sports with a ball,10800000.0,Brazil,404700.0,657900.0
cemrebaysel,Cemre,Lifestyle,3600000.0,Turkey,488100.0,656100.0
arcticmonkeys,Arctic Monkeys,Music,5400000.0,United States,464500.0,653300.0
_imyour_joy,Joy,Lifestyle,14400000.0,Indonesia,542200.0,648300.0
julienco_,! Julian,Lifestyle,6500000.0,Germany,514600.0,646000.0
bounouyassine_bono,Yassine Bounou â€œBONOâ€,Sports with a ball,4500000.0,Morocco,451700.0,643100.0
fedez,FEDEZ,Music,14500000.0,Italy,461500.0,642900.0
caviarmagnat,Anton Tregubov,Lifestyle,15600000.0,Russia,444800.0,641800.0
onwardwanna,"Javon ""Wanna"" Walton",Lifestyle,5900000.0,United States,384800.0,641000.0
janhvikapoor,Janhvi Kapoor,Lifestyle,21000000.0,India,535400.0,638700.0
addisonraee,Addison Rae,Beauty,39500000.0,United States,434900.0,637900.0
joaofelix79,JoaÌƒo FeÌlix,Sports with a ball,6200000.0,Spain,361200.0,635700.0
paulolondra,Paulo londra,Music,13900000.0,Argentina,404900.0,632700.0
florencepugh,Florence Pugh,Humor & Fun & Happiness,8500000.0,United States,413300.0,631700.0
min.nicha,MINNIE,Lifestyle,4800000.0,China,553400.0,630600.0
m10_official,Mesut OÌˆzil,Sports with a ball,24500000.0,Indonesia,474500.0,629300.0
lukehemmings,Luke Hemmings,Music,8100000.0,United States,367600.0,626700.0
afrasaracoglu,Afra,Cinema & Actors/actresses,5700000.0,Turkey,504300.0,625600.0
thebursin,Kerem BuÌˆrsin,Cinema & Actors/actresses,11000000.0,Russia,486500.0,624600.0
juliette,Juliette,Cinema & Actors/actresses,32500000.0,Brazil,368800.0,622200.0
mathildtantot,Mathilde,Lifestyle,9800000.0,United States,410800.0,621500.0
_seorina,á„‰á…¥á†¯á„‹á…µá†«á„‹á…¡ sá´‡á´Ê€ÉªÉ´á´€,Lifestyle,7200000.0,South Korea,500100.0,620600.0
jessicajane99,Jessica Jane,Shows,6100000.0,Indonesia,468600.0,618400.0
melo,LaMelo Ball,Lifestyle,9400000.0,United States,304200.0,618300.0
maddieziegler,maddie,Cinema & Actors/actresses,13800000.0,United States,412300.0,618100.0
camimendes,camila mendes,Cinema & Actors/actresses,27200000.0,Brazil,443400.0,614600.0
brunomars,Bruno Mars,Music,26900000.0,Brazil,403500.0,611500.0
lexibrookerivera,Lexi Rivera,Shows,8400000.0,United States,488400.0,610700.0
thegirljt,JTğŸ˜¸,Music,6000000.0,United States,222500.0,609400.0
yihyun_1208,á„Œá…©á„‹á…µá„’á…§á†« cho yihyun,Lifestyle,5100000.0,India,515200.00000000006,608000.0
priyankachopra,Priyanka,Cinema & Actors/actresses,84100000.0,India,541800.0,607900.0
pele,PeleÌ,Sports with a ball,12300000.0,Brazil,387400.0,605200.0
tiagopzk,GOTTI A,Music,5800000.0,Argentina,264400.0,602700.0
mcdavipaiva,PAIVAğŸ’MAGNATA !,Lifestyle,4700000.0,Brazil,226400.0,602100.0
philfoden,Phil Foden,Lifestyle,6300000.0,United Kingdom,343500.0,601500.0
bowerjamie,á´Šá´€á´Éªá´‡ á´„á´€á´á´˜Ê™á´‡ÊŸÊŸ Ê™á´á´¡á´‡Ê€,Cinema & Actors/actresses,5500000.0,Italy,450800.0,600700.0
jannatzubair29,Jannat Zubair Rahmani,Cinema & Actors/actresses,45200000.0,India,519600.0,599400.0
juanpazurita,Juanpa Zurita,Cinema & Actors/actresses,31300000.0,Mexico,417700.0,594500.0
itzy.all.in.us,ITZY,Music,18100000.0,Indonesia,485700.0,593700.0
marcusrashford,Marcus Rashford MBE,Sports with a ball,13100000.0,United Kingdom,378300.0,592900.0
gabigol,Gabriel Barbosa,Sports with a ball,10500000.0,Brazil,389700.0,589300.0
kevindebruyne,Kevin De Bruyne,Sports with a ball,19800000.0,United Kingdom,376900.0,587700.0
kritisanon,Kriti,Modeling,51900000.0,India,504200.0,587700.0
fcbarcelona,FC Barcelona,Sports with a ball,114800000.0,Indonesia,414900.0,584500.0
louist91,Louis Tomlinson,Music,18400000.0,Brazil,423700.0,576600.0
jacquelinef143,Jacqueline Fernandez,Cinema & Actors/actresses,64400000.00000001,India,472100.0,574900.0
anahi,Anahi,Music,10700000.0,Brazil,328300.0,574300.0
karelyruiz,Karely Ruiz,Lifestyle,7300000.0,Mexico,456700.0,573400.0
kentooyamazaki,å±±ï¨‘è³¢äºº,Cinema & Actors/actresses,5200000.0,Japan,492700.0,570500.0
emrata,Emily Ratajkowski,Modeling,29700000.0,United States,355600.0,567800.0
toniruediger,Antonio RÃ¼diger,Sports with a ball,5400000.0,United Kingdom,360300.0,567800.0
kehlani,Kehlani,Music,14500000.0,United States,361200.0,562700.0
taina,TainaÌ Costa,Music,16300000.0,Brazil,269400.0,562500.0
charles_leclerc,Charles Leclerc,Racing Sports,9700000.0,Italy,422700.0,561400.0
masonmount,Mason Mount,Lifestyle,5400000.0,United Kingdom,394500.0,561300.0
sergioramos,Sergio Ramos,Sports with a ball,54500000.0,Spain,389400.0,561100.0
youngdae0302,á„€á…µá†·á„‹á…§á†¼á„ƒá…¢,Music,4600000.0,Indonesia,425000.0,561000.0
dylansprouse,Dylan Sprouse,Cinema & Actors/actresses,9000000.0,United States,357200.0,560800.0
landonorris,Lando Norris,Racing Sports,6000000.0,Italy,444500.0,560400.0
zoeisabellakravitz,ZoeÌˆ Kravitz,Cinema & Actors/actresses,8300000.000000001,United States,369000.0,559600.0
juandediospantoja,JD PANTOJA ğŸ‡²ğŸ‡½,Music,23100000.0,Mexico,490400.0,559300.0
vindiesel,Vin Diesel,Cinema & Actors/actresses,84800000.0,Brazil,433000.0,558800.0
attahalilintar,Atta Halilintar - PAPATA,Art/Artists,25900000.0,Indonesia,408900.0,558800.0
djsnake,djsnake,Music,10000000.0,India,468700.0,556600.0
hasbulla.hushetskiy,Hasbulla Magomedov,Lifestyle,5400000.0,Russia,365300.0,552900.0
rogerfederer,Roger Federer,Sports with a ball,11100000.0,Spain,437800.0,551400.0
fedevalverde,Fede Valverde,Sports with a ball,8000000.0,Spain,388700.0,551400.0
neslihanatagul,Neslihan AtaguÌˆl DogÌ†ulu,Cinema & Actors/actresses,13700000.0,Turkey,436100.0,551100.0
morganwallen,Morgan Wallen,Family,4500000.0,United States,309900.0,550700.0
mauroicardi,ğ•„ğ”¸ğ•Œâ„ğ•† ğ•€â„‚ğ”¸â„ğ”»ğ•€,Sports with a ball,8800000.0,Italy,341900.0,550600.0
iambeckyg,Becky G,Music,34600000.0,United States,433000.0,548500.0
charlieputh,Charlie Puth,Music,17300000.0,United States,386000.0,547700.0
feid,FERXXO,Music,6000000.0,Colombia,264600.0,547400.0
marcelotwelve,Marcelo Vieira,Sports with a ball,60300000.0,Spain,367500.0,546200.0
yerimiese,Yeri,Lifestyle,10800000.0,Indonesia,440600.0,545800.0
casemiro,Casemiro,Sports with a ball,19100000.0,Brazil,366500.0,545700.0
eizagonzalez,Eiza Gonzalez,Cinema & Actors/actresses,7600000.0,Mexico,408800.0,545000.0
maluma,MALUMA,Music,62900000.0,Italy,353900.0,544600.0
luzu,Luzu,Cinema & Actors/actresses,5500000.0,Mexico,491300.0,543200.0
liampayne,Liam Payne,Music,24700000.0,United States,387200.0,541600.0
hyunah_aa,Hyun Ah,Music,18600000.0,South Korea,455700.0,539900.0
dqsalmaan,Dulquer Salmaan,Cinema & Actors/actresses,11900000.0,India,398500.0,539300.0
mrunalthakur,Mrunal Thakur,Beauty,7400000.0,India,423500.0,538500.0
sonu_sood,Sonu Sood,Cinema & Actors/actresses,20300000.0,India,469000.0,536000.0
i_nivethathomas,Nivetha Thomas,Cinema & Actors/actresses,6500000.0,India,473400.0,535400.0
dew_jsu,2000,Beauty,6700000.0,Indonesia,440900.0,535300.0
wos.ds3,ValentiÌn Oliva,Music,6800000.0,Argentina,348700.0,533700.0
greeicy,Greeicy,Shows,21700000.0,Colombia,397600.0,533500.0
sidmalhotra,Sidharth Malhotra,Cinema & Actors/actresses,21800000.0,India,427900.0,532100.0
beingsalmankhan,Salman Khan,Cinema & Actors/actresses,56100000.0,India,415000.0,529800.0
felipeneto,Felipe Neto ğŸ¦‰,Lifestyle,17000000.0,Brazil,382000.0,527900.0
shivangijoshi18,à¤¶à¤¿à¤µà¤¾à¤‚à¤—à¥€ à¤œà¥‹à¤¶à¥€,Lifestyle,7600000.0,India,437100.0,526000.0
officialmahirasharma,Mahira Sharma,Lifestyle,5800000.0,India,429300.0,521900.0
riyaz.14,Riyaz Aly,Lifestyle,27300000.0,India,402100.0,521200.00000000006
kapilsharma,Kapil Sharma,Cinema & Actors/actresses,43800000.0,India,456900.0,520700.00000000006
kyo1122,Song hyekyo,Cinema & Actors/actresses,13500000.0,Indonesia,408700.0,520500.0
machinegunkelly,Mr. Pink,Music,9500000.0,United States,321400.0,516700.00000000006
strangehuman,nova,Lifestyle,4600000.0,United States,371800.0,515600.0
fuji_an,Fujianti Utami Putri,Lifestyle,12000000.0,Indonesia,380800.0,514400.0
yg_treasure_official,TREASURE (íŠ¸ë ˆì €),Music,5900000.0,Indonesia,401700.0,512900.0
rjkarishma,RJ Karishma,Humor & Fun & Happiness,5400000.0,India,399400.0,509000.0
realbarbarapalvin,Barbara Palvin,Modeling,18600000.0,Russia,375200.0,506400.0
xxxibgdrgn,á„€á…¯á†«á„Œá…µá„‹á…­á†¼(æ¬Šå¿—é¾),Photography,21600000.0,Indonesia,399400.0,506400.0
championsleague,UEFA Champions League,Sports with a ball,101100000.0,Brazil,371300.0,505900.0
angela_aguilar_,AÌngela Aguilar ğŸ‡²ğŸ‡½,Music,9100000.0,Mexico,417600.0,505700.0
c.syresmith,Jaden Smith,Cinema & Actors/actresses,19400000.0,United States,325300.0,503300.0
romanreigns,Joe Anoai aka â€œRoman Reignsâ€,Lifestyle,6800000.0,India,384500.0,498700.0
shahinsamadpoor,Shahin Samad poor Ø´Ø§Ù‡ÛŒÙ† ØµÙ…Ø¯Ù¾ÙˆØ±,Literature & Journalism,5000000.0,Iran,380200.0,497900.0
nina,Nina Dobrev,Cinema & Actors/actresses,26000000.0,Brazil,346600.0,497200.0
aleoliveiracm,AleÌ‚ Oliveira,Humor & Fun & Happiness,8600000.0,Brazil,195000.0,497000.0
phil.coutinho,Philippe Coutinho,Sports with a ball,25100000.0,Brazil,304300.0,494400.0
riaricis1795,RICIS,Lifestyle,32700000.000000004,Indonesia,415700.0,494300.0
trentarnold66,Trent Alexander-Arnold,Lifestyle,8500000.0,United Kingdom,351500.0,493800.0
pokimanelol,pokimane,Lifestyle,6100000.0,United States,374700.0,493400.0
thibautcourtois,Thibaut Courtois,Sports with a ball,11700000.0,Spain,338500.0,492100.0
iamhalsey,halsey,Music,30900000.0,United States,373100.0,491100.0
klrahul,KL RahulğŸ‘‘,Sports with a ball,13400000.0,India,383900.0,490500.0
fadiljaidi,Fadil Jaidi,Lifestyle,8199999.999999999,Indonesia,325300.0,489500.0
zefelipecantor,ZeÌ,Music,25500000.0,Brazil,277400.0,487800.0
anushkasen0408,Anushka Sen,Cinema & Actors/actresses,39000000.0,India,417700.0,487700.0
l7nnon,L7,Lifestyle,10300000.0,Brazil,205500.0,487600.0
ansufati,Ansu Fati,Sports with a ball,9500000.0,Spain,336100.0,486300.0
nicolegarcia,Nicole Gonzalez Garcia,Lifestyle,6100000.0,Mexico,370900.0,485400.0
ravindra.jadeja,Ravindrasinh jadeja,Lifestyle,4800000.0,India,388900.0,485100.0
sthefanematos,STHE âš“ï¸,Lifestyle,10400000.0,Brazil,210900.0,484300.0
litkillah,SnipeZğŸ§ª,Music,8300000.000000001,Argentina,367600.0,484100.0
coldplay,Coldplay,Music,20400000.0,Brazil,343400.0,478300.0
arcangel,"HONOR,LEALTAD Y RESPETO.",Music,14500000.0,United States,282100.0,477300.0
ncentineo,Noah,Cinema & Actors/actresses,16300000.0,Brazil,287000.0,477200.0
stephencurry30,Wardell Curry,Sports with a ball,47800000.0,United States,380800.0,477200.0
pugachevmark,Mark Pugachev,Cars & Motorbikes,15600000.0,Russia,323900.0,476100.0
sommerray,Sommer Ray,Modeling,26100000.0,United States,303500.0,475800.0
donya,Donya,Lifestyle,15400000.0,Iran,301800.0,475200.0
yuzi_chahal23,Yuzvendra Chahal,Lifestyle,8300000.000000001,India,389200.0,473900.0
alexadellanos,Alexa Dellanos,Lifestyle,10200000.0,United States,303100.0,473900.0
princeandprincessofwales,The Prince and Princess of Wales,Family,14600000.0,United States,369400.0,472600.0
shahidkapoor,Shahid Kapoor,Cinema & Actors/actresses,37000000.0,India,416300.0,471700.0
miguel.g.herran,Miguel HerraÌn,Cinema & Actors/actresses,13300000.0,Brazil,312400.0,470000.0
instagram,Instagram,Photography,579800000.0,India,375100.0,466400.0
leaelui,Lea Elui G,Modeling,11200000.0,India,277100.0,465400.0
ksi,KSI,Music,12400000.0,United Kingdom,331000.0,464400.0
jackgrealish,Jack Grealish,Sports with a ball,5700000.0,United Kingdom,295900.0,462600.0
snejanaonopka15,Snejana Onopka,Modeling,11400000.0,Russia,386000.0,462100.0
harshbeniwal,Harsh PUSPENDER Beniwal,Shows,5700000.0,India,351700.0,458000.0
adamweitsman,Adam Weitsman,Business & Careers,19600000.0,Russia,374000.0,457800.0
channingtatum,Channing Tatum,Cinema & Actors/actresses,16900000.0,United States,315200.0,454400.0
virgilvandijk,Virgil van Dijk,Sports with a ball,13100000.0,United Kingdom,320700.0,454400.0
alishalehmann7,Alisha Lehmann,Sports with a ball,10200000.0,Brazil,241000.0,453200.0
canelo,Saul Alvarez,Fitness & Gym,14400000.0,Mexico,339700.0,451600.0
loud_victor,Victor Augusto,Lifestyle,10900000.0,Brazil,353200.0,450200.0
abdevilliers17,AB de Villiers,Sports with a ball,19900000.0,India,389500.0,449200.0
bigsean,BIGSEAN,Music,15800000.0,United States,246300.0,448900.0
faz3,Fazza,Lifestyle,15100000.0,United Arab Emirates,343200.0,448800.0
gisele,Gisele BuÌˆndchen,Modeling,20300000.0,Brazil,302000.0,448400.0
angelrai07,Angel Rai :),Cinema & Actors/actresses,24500000.0,India,371200.0,448300.0
pubity,Pubity,Humor & Fun & Happiness,31900000.0,United States,312900.0,442900.0
veradijkmans,Vera Dijkmans,Adult content,5600000.0,United States,315100.0,442600.0
lizasoberano,Liza Soberano,Beauty,17600000.0,Philippines,369400.0,440300.0
dra.deolanebezerra,Deolane Bezerra âš–ï¸,Beauty,15800000.0,Brazil,242200.0,439300.0
hztttao,Z.TAOğŸ”´é»„å­éŸ¬,Music,11200000.0,Indonesia,394700.0,439200.0
jakepaul,Jake Paul,Cinema & Actors/actresses,21500000.0,United States,261899.99999999997,437700.0
valentinazenere,Valentina Zenere,Modeling,10700000.0,Brazil,358500.0,436500.0
liamhemsworth,Liam Hemsworth,Cinema & Actors/actresses,13000000.0,United States,307000.0,436100.0
demetozdemir,Demet OÌˆzdemir,Cinema & Actors/actresses,15600000.0,India,341500.0,435700.0
bretmanrock,Bretman (Da Baddest) Rock,Art/Artists,18500000.0,United States,258800.0,435600.0
jheneaiko,JheneÌ Aiko Efuru Chilombo ğŸ”®,Music,16000000.0,United States,248100.0,435100.0
ddlovato,Demi Lovato,Music,144200000.0,United States,335900.0,434000.0
mollymae,Molly-Mae Hague,Lifestyle,6800000.0,United Kingdom,248300.0,432800.0
chieffkeeffsossa,Chief Keef,Music,8000000.0,United States,233700.0,432300.0
333cyj333,Ars ğŸ—,Music,6700000.0,Thailand,362700.0,431600.0
wolfiecindy,Cindy Kimberly,Modeling,7000000.0,United States,259399.99999999997,431300.0
superstar_dewasi99,SUPERSTARDEWASI 99,Music,13600000.0,India,296700.0,430900.0
deiveleonardo,Deive Leonardo,Literature & Journalism,12900000.0,Brazil,234100.0,430600.0
austinmcbroom,Austin McBroom,Lifestyle,6400000.0,India,306000.0,430300.0
yugyeom,KYUM,Music,11800000.0,Indonesia,388400.0,429000.0
ab,Antonio Brown,Sports with a ball,12400000.0,United States,208700.0,427600.0
lupitanyongo,Lupita Nyong'o,Art/Artists,10400000.0,United States,304300.0,427100.0
maxverstappen1,Max Verstappen,Racing Sports,9500000.0,United States,334400.0,426300.0
realshadmehr,Shadmehr Aghili,Music,8300000.000000001,Iran,304200.0,423700.0
myketowers,MICHAEL,Music,9700000.0,Spain,234500.0,423000.0
liltjay,TJAYYYY ğŸ–¤,Lifestyle,7800000.0,United States,230200.0,422300.0
joeyking,Joey King,Music,18800000.0,Brazil,294800.0,422000.0
aboflah,AboFlah,Humor & Fun & Happiness,7500000.0,Syria,367500.0,421900.0
layzhang,Lay Zhang,Music,14200000.0,Indonesia,398300.0,420900.0
klarafgcastanho,KlÃ¥ra CÃ¥stanho,Cinema & Actors/actresses,7200000.0,Brazil,216800.0,419600.0
olamide,OlamideÌ,Music,10200000.0,Nigeria,277700.0,419200.0
evaluna,Evaluna Montaner de Echeverry,Family,20900000.0,Argentina,304000.0,418900.0
marshmello,marshmello,Music,29800000.0,United States,290000.0,418900.0
nessabarrett,ness,Lifestyle,7200000.0,United States,308800.0,418300.0
burakozcivit,Burak OÌˆzcÌ§ivit,Cinema & Actors/actresses,22600000.0,Turkey,343000.0,415900.0
jenniferwinget1,Jennifer Winget,Cinema & Actors/actresses,14200000.0,India,340900.0,414600.0
chrisbrownofficial,BROWN,Music,127300000.0,United States,264100.0,414200.0
jennmuriel,Jenn muriel,Lifestyle,6400000.0,Colombia,332400.0,414000.0
kajalaggarwalofficial,Kajal A Kitchlu,Cinema & Actors/actresses,24400000.0,India,342500.0,414000.0
anjimaxuofficially,Anjali Arora,Lifestyle,12200000.0,India,321800.0,410600.0
yefersoncossio,Yef,Lifestyle,10100000.0,Colombia,296700.0,409400.0
catherinemcbroom,Catherine Paiz,Family,7200000.0,United States,238300.0,409400.0
ler_chek,Ğ’Ğ°Ğ»ĞµÑ€Ğ¸Ñ Ğ§ĞµĞºĞ°Ğ»Ğ¸Ğ½Ğ°,Lifestyle,10500000.0,Russia,315900.0,408700.0
paraschhabra,Paras Chhabra,Shows,6000000.0,India,355500.0,408700.0
ms.sethii,Shilpa Sethi,Modeling,7400000.0,United States,269900.0,407700.0
simonettalein,Simonetta Lein,Beauty,14100000.0,India,294000.0,404900.0
jeromepolin,Jerome Polin Sijabat ã‚·ã‚™ã‚§ãƒ­ãƒ¼ãƒ ,Education,7300000.0,Indonesia,276100.0,404700.0
7_luhan_m,é¹¿ Han,Music,12700000.0,Indonesia,333100.0,404500.0
mterstegen1,Marc ter Stegen,Sports with a ball,13800000.0,Spain,267500.0,402700.0
mr_faisu_07,FAISAL SHAIKH,Modeling,28800000.0,India,315800.0,401700.0
grantgust,Grant Gustin,Cinema & Actors/actresses,7800000.0,Brazil,283200.0,401000.0
hegdepooja,Pooja Hegde,Cinema & Actors/actresses,22000000.0,India,347700.0,400800.0
emiliamernes,Emilia Mernes,Music,6400000.0,Argentina,212600.0,400100.0
esbilgic,Esra Bilgic,Cinema & Actors/actresses,7200000.0,India,313300.0,398600.0
prattprattpratt,Chris Pratt,Cinema & Actors/actresses,40100000.0,United States,304000.0,398100.0
afaseleccion,SelecciÃ³n Argentina,Sports with a ball,10500000.0,Argentina,263700.0,396800.0
yasmine_sabri,Yasmine Sabri,Cinema & Actors/actresses,20000000.0,Egypt,283700.0,394800.0
iqbaal.e,Iqbaal Ramadhan,Cinema & Actors/actresses,13800000.0,Indonesia,255800.0,394600.0
anguscloud,Angus Cloud,Music,7600000.0,United States,238400.0,393800.0
amadorat,N I C O L E   A M A D O ğŸ‰,Fashion,8300000.000000001,Mexico,351800.0,393200.0
camila_cabello,camila,Music,65800000.0,Brazil,326100.0,392600.0
soycintiacossio,Cintia Cossio,Modeling,6000000.0,Colombia,313400.0,390600.0
malutrevejo,MaluÌ ğ“‚€,Music,11500000.0,United States,217800.0,390600.0
hennessycarolina,HennessyğŸ’‹,Lifestyle,7800000.0,United States,214000.0,389900.0
raashiikhanna,Raashii Khanna,Cinema & Actors/actresses,8800000.0,India,326200.0,389200.0
madisonbaileybabe,Maddie Baby,Lifestyle,6500000.0,United States,207400.0,388300.0
brunamarquezine,Bruna Marquezine,Cinema & Actors/actresses,43600000.0,Brazil,223900.0,386900.0
maisa,+A,Music,45800000.0,Brazil,284000.0,386400.0
neeraj____chopra,Neeraj Chopra,Shows,6300000.0,India,294700.0,386300.0
nehakakkar,Neha Kakkar (Mrs. Singh),Music,73000000.0,India,330800.0,386000.0
larray,larri,Lifestyle,6600000.0,United States,262900.0,385400.0
justsul,Just Sul,Humor & Fun & Happiness,6200000.0,India,252400.0,384800.0
vancityreynolds,Ryan Reynolds,Cinema & Actors/actresses,47100000.0,United States,292000.0,384300.0
bhadbhabie,Bhabie,Music,16200000.0,United States,204100.0,383100.0
filiperet,RETCHÃŠ,Lifestyle,8100000.0,Brazil,149700.0,382500.0
winmetawin,Win Metawin O.,Lifestyle,14100000.0,Philippines,337900.0,382200.0
becaa_barreto,Rebeca ğŸŒ™,Lifestyle,10700000.0,Brazil,269500.0,380600.0
alejoigoa,Alejo Igoa,Lifestyle,6900000.0,Argentina,256000.0,380200.0
emmawatson,Emma Watson,Literature & Journalism,68800000.0,United States,279000.0,379600.0
paulpogba,Paul Labile Pogba,Sports with a ball,56000000.0,United Kingdom,218000.0,378400.0
subo_m,Subhan Mamedov,Shows,10600000.0,Russia,307800.0,375800.0
elrodrigocontreras,RODğŸ¥´,Lifestyle,12600000.0,Mexico,341400.0,375800.0
kingryan,Ryan Garcia,Fitness & Gym,9100000.0,United States,257800.0,374200.0
ellenpompeo,Ellen Pompeo,Cinema & Actors/actresses,9900000.0,Brazil,215800.0,374100.0
dylanminnette,Dylan Minnette,Music,7200000.0,United States,229300.0,372800.0
noahbeck,Noah Beck,Sports with a ball,9000000.0,United States,230000.0,370300.0
weareone.exo,EXO Official,Music,10000000.0,Indonesia,294000.0,369000.0
riyadmahrez26.7,RM26,Sports with a ball,9700000.0,Algeria,283600.0,365400.0
andreavaldirisos,ANDREA VALDIRI ğŸ‡¨ğŸ‡´,Lifestyle,8900000.0,Colombia,256200.0,365300.0
jaybnow.hr,LIM JAE BEOM,Music,7000000.0,United States,276600.0,363100.0
portugal,Portugal,Sports with a ball,12700000.0,Portugal,261100.00000000003,363000.0
theamitbhadana,Amit Bhadana ( à¤…à¤®à¤¿à¤¤ à¤­à¤¡à¤¼à¤¾à¤¨à¤¾ ),Shows,8700000.0,India,295600.0,362300.0
sashameneghel,SASHA,Cinema & Actors/actresses,8100000.0,Brazil,183100.0,361700.0
obj,Odell Beckham Jr,Sports with a ball,16800000.0,United States,189000.0,360000.0
varundvn,VarunDhawan,Cinema & Actors/actresses,44900000.0,India,293300.0,357400.0
thiagosilva,Thiago Silva,Sports with a ball,21100000.0,Brazil,212100.0,357300.0
redvelvet.smtown,Red Velvet Official,Music,11900000.0,Indonesia,292000.0,354800.0
jasonderulo,Jason Derulo,Music,21300000.0,United States,247600.0,354200.0
narins_beauty,â€¢â€¢Narins Beautyâ€¢â€¢,Lifestyle,9500000.0,Iraq,302100.0,353300.0
nabilla,Nabilla Vergara âœ¨,Beauty,8100000.0,France,262500.0,352800.0
gusein.gasanov,Ğ“Ğ£Ğ¡Ğ•Ğ˜Ì†Ğ Ğ“ĞĞ¡ĞĞĞĞ’,Shows,23400000.0,Russia,236300.0,352500.0
rafaeluccman,Rafael Uccman,Lifestyle,9400000.0,Brazil,171200.0,352500.0
jessnolimit,Jess No Limit,Shows,7400000.0,Indonesia,291900.0,351400.0
bellathorne,BELLA,Music,25300000.0,United States,209400.0,350600.0
roberto_firmino,R O B E R T O F I R M I N O,Sports with a ball,14000000.0,Brazil,235000.0,349200.0
jamesrodriguez10,James RodriÌguez,Sports with a ball,50200000.0,Colombia,235200.0,348700.0
nita_shilimkar,Nita Shilimkar,Lifestyle,12000000.0,India,264000.0,348700.0
navidmohammadzadeh,navid mohammadzadeh,Cinema & Actors/actresses,8500000.0,Iran,245700.0,347300.0
kawtarbamo,KAWTAR BA-MOHAMED ÙƒÙˆØ«Ø± Ø¨Ø§Ù…Ùˆ,Cinema & Actors/actresses,8000000.0,Morocco,255000.0,345400.0
soueunavida,Sou Eu Na Vida,Humor & Fun & Happiness,18100000.0,Brazil,181700.0,345100.0
ananyapanday,Ananya ğŸ’›ğŸ’«,Cinema & Actors/actresses,24100000.0,India,301500.0,343900.0
skaijackson,S K A I,Lifestyle,8100000.0,United States,195100.0,343400.0
jamorant,12 ğŸ¥·ğŸ½ğŸ–¤,Winter sports,8300000.000000001,United States,211700.0,342000.0
alvaromorata,AÌlvaro Morata,Sports with a ball,18900000.0,Italy,221100.0,341900.0
ileana_official,Ileana D'Cruz,Cinema & Actors/actresses,15700000.0,India,281000.0,341800.0
amybethmcnulty,Amybeth,Lifestyle,7800000.0,Brazil,248500.0,341400.0
shikhardofficial,Shikhar Dhawan,Sports with a ball,12900000.0,India,297100.0,340200.0
brfootball,Bleacher Report Football,Sports with a ball,13500000.0,United States,210400.0,340200.0
anitta,Anitta ğŸ¤,Music,63500000.0,Brazil,182300.0,340100.0
nianaguerrero,Niana,Music,14300000.0,Indonesia,274000.0,339400.0
mariliamendoncacantora,Marilia MendoncÌ§a,Music,41800000.0,Brazil,211100.0,339200.0
canyaman,Can Yaman,Cinema & Actors/actresses,10100000.0,Italy,271900.0,337700.0
memphisdepay,Memphis Depay,Sports with a ball,16100000.000000002,France,190000.0,336900.0
vousmevoyez,KRYSTAL,Music,10500000.0,Indonesia,259600.00000000003,336900.0
alvxaro,ALVARO,Lifestyle,10700000.0,Brazil,134900.0,336700.0
antogriezmann,Antoine Griezmann,Sports with a ball,38000000.0,Spain,208600.0,336600.0
nimratkhairaofficial,NIMRAT KHAIRA,Music,8199999.999999999,India,270500.0,335700.0
haifawehbe,Haifa Wehbe,Music,11000000.0,Iraq,227700.0,333600.0
aurelie.hermansyah,Aurelie Hermansyah Atta,Beauty,29700000.0,Indonesia,264000.0,333500.0
cocielo,JuÌlio Cocielo Estaniecki,Cinema & Actors/actresses,20200000.0,Brazil,213000.0,333400.0
burcuozberk,Burcu Ã–zberk,Cinema & Actors/actresses,9300000.0,Turkey,256899.99999999997,332600.0
anyageraldine,anya geraldine,Music,11400000.0,Indonesia,194300.0,331800.0
mchariel,MC Hariel,Music,10500000.0,Brazil,165600.0,330400.0
hadise,Hadise,Music,14200000.0,Turkey,278500.0,325200.0
brunofernandes8,Bruno Fernandes,Lifestyle,7600000.0,United Kingdom,217100.0,325100.0
gessicakayane,GKAY,Shows,20700000.0,Brazil,157600.0,324900.0
anuel,â€œREAL HASTA LA MUERTEâ€,Music,30200000.0,Spain,212800.0,324100.0
eilirjani,Elton ILIRJANI,Adult content,10700000.0,Albania,224000.0,323600.0
psg,Paris Saint-Germain,Sports with a ball,64400000.00000001,Brazil,180400.0,322800.0
giannis_an34,Giannis Ugo Antetokounmpo,Sports with a ball,13900000.0,United States,213600.0,322600.0
danialves,Daniel Alves,Sports with a ball,38400000.0,Brazil,216900.0,322600.0
avneetkaur_13,Avneet Kaur Official,Cinema & Actors/actresses,32700000.000000004,India,275400.0,322200.0
moneybaggyo,Certified Speaker,Lifestyle,8500000.0,United States,134300.0,319700.0
dean.schneider,Dean Schneider,Animals,10200000.0,United States,235300.0,319100.0
bugatti,BUGATTI,Cars & Motorbikes,17500000.0,United States,235900.0,318800.0
lucasranngel,LUCAS RANGEL,Lifestyle,20500000.0,Brazil,143800.0,318000.0
nct127,NCT 127 Official Instagram,Music,14900000.0,Indonesia,257300.0,316900.0
britneyspears,Channel 8,Music,41600000.0,United States,226200.0,315900.0
alexandradaddario,alexandra daddario,Cinema & Actors/actresses,22800000.0,India,257899.99999999997,315200.0
davikah,davikah,Modeling,17400000.0,Thailand,242500.0,314100.0
baifernbah,baifernbah,Lifestyle,11700000.0,Indonesia,248100.0,314100.0
willsmith,Will Smith,Cinema & Actors/actresses,62600000.0,United States,256899.99999999997,313300.0
hakkiakdenizz,hakki akdeniz,Business & Careers,28600000.0,Russia,215700.0,312700.0
lestykejora,Lestikejora,Music,26900000.0,Indonesia,240800.0,312500.0
willyrex,Willyrex,Shows,8700000.0,Spain,253300.0,311900.0
alissonbecker,Alisson Becker,Sports with a ball,8400000.0,Brazil,209300.0,310500.0
allusnehareddy,Allu Sneha Reddy,Travel,8700000.0,India,267400.0,310000.0
adidasfootball,adidas Football,Sports with a ball,32100000.0,Brazil,226700.0,309100.0
anastasiya_kvitko,AK ğŸ¤,Lifestyle,12400000.0,United States,251400.0,307800.0
belindapop,Beli,Music,15800000.0,Mexico,213700.0,306800.0
paulwalker,Paul Walker,Cinema & Actors/actresses,15600000.0,India,223700.0,306400.0
chiaraferragni,Chiara Ferragni âœ¨,Beauty,28300000.0,Italy,205500.0,306100.0
golfarahani,Golshifteh Farahani,Cinema & Actors/actresses,15100000.0,Iran,236900.0,305300.0
jordynwoods,HEIR JORDYN,Modeling,12600000.0,United States,161000.0,304800.0
kareenakapoorkhan,Kareena Kapoor Khan,Family,9900000.0,India,244100.0,304600.0
princeroyce,Prince Royce,Music,14600000.0,United States,216800.0,304100.0
cvillaloboss,CARMEN VILLALOBOS,Shows,21300000.0,Colombia,246500.0,303900.0
taylorlautner,Taylor Lautner,Shows,8600000.0,Brazil,207900.0,303500.0
neymarjrsiteoficial,Neymar Jr Site,Sports with a ball,12100000.0,Brazil,224800.0,303500.0
nct_dream,NCT DREAM OFFICIAL,Music,10900000.0,Indonesia,271800.0,302900.0
laurenlondon,Lauren London,Cinema & Actors/actresses,9900000.0,United States,176600.0,301300.0
tiffanyyoungofficial,tiffany young,Modeling,13500000.0,Indonesia,240600.0,301200.0
norafatehi,Nora Fatehi,Cinema & Actors/actresses,43600000.0,India,245000.0,301200.0
phoebejtonkin,Phoebe Tonkin,Beauty,8400000.0,United States,210900.0,301100.0
bypamella,BY PAMELLA âœ¨ğŸ§¿,Shows,9900000.0,Brazil,175700.0,300900.0
hustlemantherapper,Hustleman ğŸ’«,Lifestyle,10200000.0,United States,272600.0,300800.0
vanessamorgan,Vanessa Morgan,Music,9200000.0,United States,211400.0,300700.0
tombrady,Tom Brady,Sports with a ball,13000000.0,United States,170800.0,298800.0
sinavaliollah,Sina Valiollah,Shows,8000000.0,Iran,237000.0,298700.0
tigerjackieshroff,Tiger Shroff,Cinema & Actors/actresses,36100000.0,India,244600.0,298000.0
romeosantos,Romeo Santos,Music,19800000.0,United States,241400.0,297500.0
kiaraaliaadvani,KIARA,Cinema & Actors/actresses,26200000.0,India,262200.0,297500.0
wanda_nara,Wanda nara,Lifestyle,15500000.0,Argentina,191700.0,296200.0
yasminabdelaziz_,Yasmin Abdelaziz,Cinema & Actors/actresses,16300000.0,Egypt,250600.0,295800.0
raphaelvarane,Raphael Varane,Sports with a ball,20400000.0,Spain,196800.0,295400.0
jadepicon,JADE ğŸŒª,Modeling,21600000.0,Brazil,135100.0,295100.0
memezar,MEMEZAR â€¢ Comedy and Culture,Cinema & Actors/actresses,22500000.0,United States,178700.0,294800.0
celestebarber,Celeste Barber,Humor & Fun & Happiness,9400000.0,United States,273900.0,293500.0
nattinatasha,NATTI NATASHA,Music,36100000.0,Mexico,244000.0,293000.0
kjapa,KJ Apa,Cinema & Actors/actresses,18200000.0,United States,204700.0,292500.0
darshanravaldz,Darshan Raval #TumMere,Music,15500000.0,India,241500.0,291200.0
urvashirautela,Urvashi Rautela,Cinema & Actors/actresses,60300000.0,India,246600.0,291000.0
manuelneuer,Manuel Neuer,Sports with a ball,12200000.0,Germany,202900.0,291000.0
annehathaway,Anne Hathaway,Cinema & Actors/actresses,25800000.0,United States,220100.0,290200.0
mariabecerra,Maria Becerra,Music,10800000.0,Argentina,122600.0,290200.0
linatejeiro,Lina Tejeiro.,Cinema & Actors/actresses,9900000.0,Colombia,239300.0,288200.0
kevinroldankr,KR â™› KEVIN ROLDAN,Music,11000000.0,Mexico,175300.0,283500.0
lilyjcollins,Lily Collins,Cinema & Actors/actresses,27100000.0,Mexico,192500.0,283300.0
pandorakaaki,ğğšğ§ğğ¨ğ«ğš ğŠğšğšğ¤ğ¢,Adult content,9100000.0,United States,204600.0,281700.0
bramastavrl,Verrell Bramasta,Cinema & Actors/actresses,25700000.0,Indonesia,247800.0,281100.0
zachking,Zach King,Shows,24600000.0,Indonesia,182300.0,281000.0
wizkidayo,BIG WIZğŸ¦…,Music,16100000.000000002,Nigeria,144300.0,281000.0
hannahstocking,Hannah Stocking,Modeling,23300000.0,United States,209000.0,280400.0
klaythompson,Klay Thompson,Sports with a ball,14100000.0,United States,192300.0,279400.0
garethbale11,Gareth Bale,Sports with a ball,48900000.0,Indonesia,171500.0,278100.0
luisasonza,LUÃSA SONZA,Music,30700000.0,Brazil,175000.0,277700.0
parishilton,Paris Hilton,Modeling,21200000.0,United States,167500.0,276100.0
peytonlist,Peyton List,Cinema & Actors/actresses,20700000.0,United States,183600.0,276000.0
bumkeyk,SHINee KEY,Music,9400000.0,Indonesia,229600.0,275200.0
diljitdosanjh,DILJIT DOSANJH,Cinema & Actors/actresses,14300000.0,India,228100.0,274700.0
tamannaahspeaks,Tamannaah Bhatia,Music,19100000.0,India,243200.0,272200.0
adamsandler,Adam Sandler,Cinema & Actors/actresses,14800000.0,United States,213900.0,272000.0
lacasadepapel,La Casa de Papel,Cinema & Actors/actresses,12100000.0,Brazil,180500.0,271200.0
lynaritaa,Lyna Perez,Lifestyle,9300000.0,United States,204300.0,269600.0
krisjenner,Kris Jenner,Shows,51000000.0,United States,176800.0,269100.0
g_eazy,G-Eazy,Music,10000000.0,United States,176100.0,269000.0
chomismaterialgirl,Araya Alberta Hargate,Cinema & Actors/actresses,11200000.0,Thailand,210800.0,268500.0
avrillavigne,Avril Lavigne,Music,12000000.0,Brazil,215600.0,268500.0
sachintendulkar,Sachin Tendulkar,Sports with a ball,37500000.0,India,223400.0,268000.0
kanik4kapoor,Kanika Kapoor,Music,12000000.0,India,223300.0,267500.0
dannapaola,Danna Paola,Music,34800000.0,Mexico,184300.0,267300.0
nusr_et,Nusr_et#Saltbae,Food & Cooking,49800000.0,Turkey,181500.0,267000.0
kaka,KakaÌ,Sports with a ball,19600000.0,Brazil,160900.0,266600.0
teslamotors,Tesla,Cars & Motorbikes,9600000.0,United States,178200.0,266200.0
dkharbour,David Harbour,Cinema & Actors/actresses,9900000.0,United States,202300.0,264800.0
anupamaparameswaran96,Anupama Parameswaran,Cinema & Actors/actresses,12900000.0,India,241700.0,264600.0
parineetichopra,ğ™¿ğšŠğš›ğš’ğš—ğšğšğšğš’ ğ™²ğš‘ğš˜ğš™ğš›ğšŠ ğŸ«§,Cinema & Actors/actresses,39100000.0,India,226700.0,261800.0
camilacoelho,CAMILA COELHO,Shows,9900000.0,Brazil,122100.0,260399.99999999997
dacremontgomery,Dacre Montgomery,Cinema & Actors/actresses,9200000.0,United States,194700.0,260300.0
demirose,Demi ğŸŒ¹,Modeling,19900000.0,India,199000.0,258899.99999999997
ahmedabohashima,Ahmed Abouhashima,Business & Careers,19100000.0,Egypt,191500.0,258399.99999999997
larissamanoela,Larissa Manoela,Cinema & Actors/actresses,47900000.0,Brazil,155700.0,258200.0
briandadeyanara,BRIANDA ğŸ’–,Lifestyle,13800000.0,Mexico,219800.0,258000.0
gianlucavacchi,Gianluca Vacchi,Lifestyle,22800000.0,Brazil,167500.0,258000.0
lucasguimaraes,LUCAS GUIMARÃƒESğŸŒ»,Cinema & Actors/actresses,9500000.0,Brazil,156100.0,257600.00000000003
miamalkova,Mia Malkova,Cinema & Actors/actresses,11300000.0,India,189700.0,257300.0
ibrahimyilmazofficial,IÌ‡brahim YÄ±lmazï¸,Humor & Fun & Happiness,10300000.0,Turkey,190600.0,256899.99999999997
camilo,C A M I L O,Music,27900000.0,Argentina,161600.0,256600.00000000003
nobru,Bruno Goes ğŸ­,Machinery & Technologies,13900000.0,Brazil,175900.0,256300.0
sofiacarson,Sofia Carson,Music,20400000.0,Brazil,189200.0,256200.0
jailyneojeda,Jailyne Ojeda Ochoa,Modeling,14200000.0,United States,183700.0,255100.0
michelleziu,ï¼­ï½‰ï½ƒï½ˆï½…ï½Œï½Œï½…  ï¼ºï½‰ï½•ï½„ï½‰ï½”ï½ˆ  ï½—,Cinema & Actors/actresses,10500000.0,Indonesia,174000.0,253900.0
adrianalima,Adriana Lima,Modeling,15200000.0,United States,172400.0,253500.0
willevy,William  Levy / Actor Producer,Shows,11100000.0,Brazil,186600.0,251900.0
enriqueiglesias,Enrique Iglesias,Music,17800000.0,India,177600.0,250600.0
daquan,Daquan,Humor & Fun & Happiness,16500000.0,United States,162200.0,250200.0
daddyyankee,Daddy Yankee,Music,47000000.0,Argentina,178000.0,247900.0
dindahw,Dinda Hauw,Cinema & Actors/actresses,15200000.0,Indonesia,164200.0,245700.0
lizzobeeating,Lizzo,Music,13100000.0,United States,175000.0,245300.0
marcoasensio10,Marco Asensio,Sports with a ball,14800000.0,Spain,159700.0,244900.0
watanabenaomi703,æ¸¡è¾ºç›´ç¾ã€€Naomi watanabe,Cinema & Actors/actresses,9900000.0,Japan,228800.0,243900.0
colesprouse,Cole Sprouse,Modeling,35300000.0,United States,186300.0,243500.0
lizakoshy,Liza Koshy,Cinema & Actors/actresses,20300000.0,United States,182300.0,242700.0
huddy,Chase Hudson,Lifestyle,11300000.0,United States,175900.0,242500.0
valeyellow46,Valentino Rossi,Racing Sports,14600000.0,Indonesia,190900.0,241600.0
kingbach,King Bach,Music,23500000.0,United States,119700.0,239900.0
tiwasavage,Dr Tiwa Savage âš”ï¸,Lifestyle,16000000.0,Nigeria,135200.0,239700.0
sarahhyland,Sarah Hyland,Cinema & Actors/actresses,10200000.0,United States,190600.0,238500.0
limitless,Jas Mathur,Business & Careers,10200000.0,Turkey,133800.0,237800.0
ranveersingh,Ranveer Singh,Cinema & Actors/actresses,42500000.0,India,181200.0,236000.0
vanessalopesr_,Vanessa Lopes,Lifestyle,13300000.0,Brazil,72300.0,235800.0
galatasaray,Galatasaray,Sports with a ball,12000000.0,Turkey,205900.0,235000.0
davidalaba,David Alaba,Sports with a ball,11600000.0,Spain,156100.0,234500.0
michelleobama,Michelle Obama,Finance & Economics,52000000.0,United States,208400.0,233800.0
sahilkhan,Indiaâ€™s Youth & Fitness ICâ­•ï¸NÂ®,Fitness & Gym,11100000.0,India,179300.0,232500.0
auba,Pierre-Emerick Aubameyang,Sports with a ball,13600000.0,Nigeria,158500.0,231800.0
houseofhighlights,House of Highlights,Sports with a ball,38000000.0,United States,126100.0,231000.0
madhuridixitnene,Madhuri Dixit,Music,33900000.0,India,199400.0,230600.0
sophiedee,Sophie Dee,Adult content,12600000.0,United States,172800.0,229800.0
nehasharmaofficial,Neha Sharma ğŸ’«,Cinema & Actors/actresses,15000000.0,India,199700.0,229500.0
scuderiaferrari,Scuderia Ferrari,Racing Sports,10300000.0,Italy,168800.0,228400.0
lulaoficial,Luiz InaÌcio Lula da Silva,Finance & Economics,11700000.0,Brazil,129199.99999999999,226800.0
raghavjuyal,Raghav Juyal,Travel,11200000.0,India,189300.0,226100.0
imouniroy,mon,Cinema & Actors/actresses,25600000.0,India,184500.0,224200.0
lacikaysomers,Laci Kay Somers,Music,12200000.0,United States,131100.0,223800.0
tohi,ğ“ğğ‡ğˆ,Lifestyle,12200000.0,Iran,154200.0,223500.0
e_milygarcia,Emily Garcia,Cinema & Actors/actresses,11600000.0,Brazil,135000.0,223400.0
thiago6,Thiago Alcantara,Sports with a ball,10400000.0,United Kingdom,129900.0,222700.0
iscoalarcon,Isco Alarcon Suarez,Sports with a ball,26400000.0,Spain,153700.0,221700.0
esmuellert,Thomas MuÌˆller,Sports with a ball,11900000.0,Germany,161400.0,221600.0
dejesusoficial,Gabriel Jesus,Sports with a ball,20300000.0,Brazil,142000.0,221200.0
chrissyteigen,chrissy teigen,Shows,40100000.0,United States,169400.0,221200.0
egorkreed,Ğ•Ğ³Ğ¾Ñ€ ĞšÑ€Ğ¸Ğ´ | #HeartBreakKid,Music,14600000.0,Russia,179500.0,220100.0
gabimartins,Gabriela Martins,Music,12900000.0,Brazil,130699.99999999999,219900.0
sandrinna_11,Sandrinnaskornicki,Lifestyle,10900000.0,Indonesia,172200.0,219500.0
francety,Francia James,Adult content,11500000.0,India,167300.0,219100.0
alfinetei,Alfinetadas Dos Famosos ğŸ“Œ,Humor & Fun & Happiness,22300000.0,Brazil,97000.0,217900.0
kenzie,kenzie â™¡,Art/Artists,14800000.0,United States,142800.0,217100.0
soyneiva,Neiva Mara,Adult content,11900000.0,Brazil,160700.0,215500.0
pharrell,ğ’ğğ ğğ… ğ€ ğğ‡ğ€ğ‘ğ€ğğ‡,Music,14200000.0,United States,150200.0,215100.0
samsmith,SAM SMITH,Music,14800000.0,United States,146700.0,215000.0
joaogomescantor,ACREDITE ğŸ§¡,Music,14000000.0,Brazil,78500.0,214600.0
syifahadjureal,Syifa Hadju,Modeling,15800000.0,Indonesia,172400.0,213100.0
manelyk_oficial,Manelyk Gonzalez,Music,15200000.0,Mexico,165000.0,213100.0
fuckjerry,FUCKJERRY,Humor & Fun & Happiness,16700000.0,United States,163700.0,211400.0
vivi,Vivi Wanderley ğŸ’šğŸ§¸ğŸ®,Beauty,14500000.0,Brazil,127800.0,210400.0
amandacerny,Amanda ğ•®ğ–Šğ–—ğ–“ğ–,Humor & Fun & Happiness,23500000.0,India,129600.0,207800.0
lizbethrodriguezoficial,Lizbeth Rodriguez,Shows,11400000.0,Mexico,170700.0,207500.0
angeliqueboyer,Angelique Boyer,Shows,14500000.0,Brazil,164600.0,206700.0
urassayas,Urassaya Sperbund,Cinema & Actors/actresses,12200000.0,Thailand,174300.0,206600.0
annakendrick47,Anna Kendrick,Cinema & Actors/actresses,22900000.0,United States,156900.0,205400.0
littlemix,Little Mix,Music,16500000.0,Brazil,152500.0,205300.0
vickykaushal09,Vicky Kaushal,Lifestyle,14600000.0,India,174500.0,204800.0
indiancricketteam,Team India,Sports with a ball,27000000.0,India,175100.0,204200.0
troyesivan,troye sivan,Art/Artists,13800000.0,United States,142300.0,204100.0
hasnaink07,Hasnain khan,Gaming,13200000.0,India,162900.0,203100.0
aliandooo,Aliando Syarief,Music,17800000.0,Indonesia,127400.0,202900.0
djokernole,Novak Djokovic,Sports with a ball,11800000.0,United States,158600.0,197500.0
torylanez,FARGOâ€™S CRAZY LIFE,Shows,11900000.0,United States,85100.0,196000.0
kajol,Kajol Devgan,Cinema & Actors/actresses,13100000.0,India,158700.0,195900.0
iamyanetgarcia,Yanet Garcia ğŸ‡²ğŸ‡½,Cinema & Actors/actresses,14900000.0,Mexico,152800.0,194600.0
camilaloures,Camila Loures,Shows,18700000.0,Brazil,130400.0,194400.0
martingarrix,Martin Garrix,Music,15700000.0,Mexico,136500.0,192700.0
lamborghini,Lamborghini,Luxury,32500000.0,India,139400.0,192200.0
jojotodynho,JoJo,Music,24600000.0,Brazil,118600.0,192000.0
mohanshakti,Shakti Mohan,Art/Artists,17000000.0,India,159800.0,191900.0
alexis_officia1,Sanchez Alexis,Sports with a ball,15100000.0,Chile,103100.0,190000.0
victoriajustice,Victoria Justice,Music,23300000.0,United States,138400.0,189200.0
hilaryduff,Hilary Duff,Cinema & Actors/actresses,23800000.0,United States,147800.0,188300.0
9gag,9GAG: Go Fun The World,Humor & Fun & Happiness,58100000.0,Indonesia,146200.0,187000.0
sureshraina3,Suresh Raina,Modeling,22100000.0,India,165400.0,186600.0
noorstars,Ù†ÙˆØ± Ø³ØªØ§Ø±Ø² | Noor Stars,Shows,13500000.0,Iraq,139700.0,186500.0
baimwong,Baim Wong,Cinema & Actors/actresses,17700000.0,Indonesia,145900.0,186000.0
marcinho11,Marco Reus,Sports with a ball,12800000.0,Germany,135000.0,184600.0
richforever,Biggest Boss Rick Ross,Music,16600000.000000002,United States,96200.0,181400.0
bleacherreport,Bleacher Report,Sports with a ball,20100000.0,United States,91600.0,180600.0
toni.kr8s,Toni Kroos,Sports with a ball,36600000.0,Germany,132100.0,179500.0
gusttavolima,ğŸ› Gusttavo Lima ğŸ›,Music,43900000.0,Brazil,108500.0,179500.0
andresiniesta8,Andres Iniesta,Sports with a ball,40700000.0,India,124400.0,176800.0
spacex,SpaceX,Science,16399999.999999998,United States,144400.0,175900.0
frenchmontana,French Montana,Music,34200000.0,United States,106500.0,175500.0
katyperry,KATY PERRY,Music,184600000.0,Brazil,135800.0,175200.0
schwarzenegger,Arnold Schwarzenegger,Cinema & Actors/actresses,22900000.0,United States,147700.0,173500.0
rakulpreet,Rakul Singh,Cinema & Actors/actresses,22600000.0,India,147500.0,173500.0
haifa_hassony,Ù‡ÙŠÙØ§Ø¡ Ø­Ø³ÙˆÙ†ÙŠ Haifa Hassony,Modeling,15600000.0,Iraq,129400.0,172300.0
araikgalstyanmoscowschool,ï¼¡ï¼²ï¼¡ï¼©ï¼«  ï¼§ï¼¡ï¼¬ï¼³ï¼´ï¼¹ï¼¡ï¼® ï¼·ï¼¯ï¼²ï¼¬ï¼¤ ï¼¦ï¼¬ï¼¯ï¼²ï¼©ï¼³ï¼´  ï¼¤ï¼¥ï¼³ï¼©ï¼§ï¼®ï¼¥ï¼²,Beauty,20000000.0,Turkey,132800.0,172100.0
agnezmo,AGNEZ MO,Music,29900000.0,Indonesia,102400.0,169900.0
nikkietutorials,NikkieTutorials,Beauty,16800000.0,United States,124000.0,168500.0
choquei,CHOQUEI,Literature & Journalism,18500000.0,Brazil,54300.0,168400.0
flamengo,Flamengo,Sports with a ball,16100000.000000002,Brazil,81900.0,168300.0
sunnyleone,Sunny Leone,Beauty,54400000.0,India,131800.0,168100.0
prillylatuconsina96,Prilly Latuconsina,Cinema & Actors/actresses,50400000.0,Indonesia,117900.0,166100.0
karolsevillaofc,KAROL SEVILLA,Cinema & Actors/actresses,15600000.0,Brazil,131300.0,165800.0
dixiedamelio,dixie,Music,24100000.0,United States,112700.0,165100.0
arishfakhan138,Sayyed Arishfa Khan ğŸ’,Cinema & Actors/actresses,29200000.0,India,135700.0,164400.0
thehughjackman,Hugh Jackman,Cinema & Actors/actresses,30700000.0,United States,144500.0,164000.0
jeremyrenner,Jeremy Renner,Shows,18100000.0,United States,136600.0,163300.0
keylornavas1,Keylor Navas Gamboa,Sports with a ball,16700000.0,Spain,110900.0,160700.0
bianca,BIANCA,Beauty,18000000.0,Brazil,68000.0,159700.0
shaymitchell,Shay Mitchell,Beauty,35000000.0,United States,113700.0,159400.0
salmahayek,Salma Hayek Pinault,Cinema & Actors/actresses,22200000.0,United States,128600.0,159100.0
francinyehlke,Franciny Ehlke,Beauty,15500000.0,Brazil,72100.0,157900.0
f1,FORMULA 1Â®,Racing Sports,21600000.0,Italy,124500.0,157500.0
mahnaz_afshar,Mahe Man,Cinema & Actors/actresses,17100000.0,Iran,113800.0,157100.0
sashapieterse,Sasha Pieterse Sheaffer,Lifestyle,16300000.0,Brazil,97900.0,156900.0
alok,Alok Petrillo,Music,28000000.0,Brazil,121900.0,156100.0
myriamfares,Myriam Fares,Music,22400000.0,Iraq,115100.0,155700.0
irinashayk,irina shayk,Modeling,20400000.0,Russia,112200.0,155600.0
emmaroberts,Emma Roberts,Cinema & Actors/actresses,18900000.0,United States,104800.0,154600.0
jamescharles,James Charles,Beauty,22300000.0,United States,105000.0,154500.0
realhinakhan,Hina Khan,Cinema & Actors/actresses,18800000.0,India,125400.0,154300.0
maudyayunda,Maudy Ayunda,Music,17900000.0,Indonesia,104500.0,154100.0
marimaria,Mari Maria,Beauty,20500000.0,Brazil,79900.0,153900.0
starwars,Star Wars,Cinema & Actors/actresses,15900000.0,United States,120600.0,153600.0
officialslystallone,Sly Stallone,Art/Artists,15600000.0,United States,121400.0,153400.0
natashawilona12,Natasha Wilona,Beauty,40500000.0,Indonesia,128500.0,153000.0
hannahelzahed,Hannah El-Zahed,Cinema & Actors/actresses,18400000.0,Egypt,122800.0,151800.0
lakers,Los Angeles Lakers,Sports with a ball,20800000.0,United States,100400.0,148500.0
_agentgirl_,ĞĞĞ¡Ğ¢Ğ¯ Ğ˜Ğ’Ğ›Ğ•Ğ•Ğ’Ğ,Shows,18200000.0,Russia,128199.99999999999,147000.0
gururandhawa,Guru Randhawa,Music,33500000.0,India,119400.0,146700.0
oprah,Oprah,Art/Artists,21800000.0,United States,113400.0,145900.0
lexa,Lexa,Music,18200000.0,Brazil,86300.0,145700.0
dababy,KIRK,Music,21000000.0,United States,89100.0,145100.0
mancity,Manchester City,Sports with a ball,37000000.0,Indonesia,112400.0,143100.0
taylor_hill,Taylor Hill,Art/Artists,21500000.0,United States,94200.0,140500.0
yuyacst,ğ“¨ğ’–ğ’šğ’‚,Modeling,17000000.0,Mexico,97300.0,140300.0
letthelordbewithyou,Scott Disick,Lifestyle,27900000.0,United States,92600.0,139800.0
barackobama,Barack Obama,Finance & Economics,35500000.0,United States,117500.0,138700.0
riteishd,Riteish Deshmukh,Art/Artists,18500000.0,India,116300.0,135900.0
wesleysafadao,Wesley SafadaÌƒo,Music,38300000.0,Brazil,82100.0,135200.0
easportsfifa,EA SPORTS FIFA,Sports with a ball,28300000.0,Spain,80000.0,134300.0
fcbayern,FC Bayern,Sports with a ball,35500000.0,Germany,82500.0,133300.0
tamerhosny,Tamer Hosny,Music,23800000.0,Egypt,109100.0,133100.0
raffinagita1717,Raffi Ahmad and Nagita Slavina,Shows,66099999.99999999,Indonesia,88300.0,128900.0
nicolebahls,Nicole Bahls,Modeling,20900000.0,Brazil,71600.0,127600.0
chelseafc,Chelsea FC,Sports with a ball,36800000.0,Indonesia,84700.0,127300.0
nancyajram,Nancy Ajram,Music,34100000.0,Iraq,99200.0,126700.0
playstation,PlayStation,Gaming,29100000.0,United States,103300.0,126300.0
fortnite,Fortnite,Gaming,25300000.0,United States,107000.0,126100.0
amitabhbachchan,Amitabh Bachchan,Cinema & Actors/actresses,32200000.000000004,India,109100.0,126000.0
borodylia,ĞšÑĞµĞ½Ğ¸Ñ Ğ‘Ğ¾Ñ€Ğ¾Ğ´Ğ¸Ğ½Ğ°,Shows,19500000.0,Russia,101500.0,125300.0
simaria,Simaria,Music,28200000.0,Brazil,84700.0,123400.0
nidhhiagerwal,Nidhhi Agerwal ğŸŒŸ,Gaming,26400000.0,India,101800.0,121700.0
fifaworldcup,FIFA World Cup,Sports with a ball,38500000.0,India,79300.0,119600.0
sincerooficial,Sincero Oficial,Humor & Fun & Happiness,21800000.0,Brazil,61600.0,119100.0
sebastianyatra,Sebastian Yatra,Music,30000000.0,Argentina,84300.0,117900.0
ozuna,@ozutochi,Music,22700000.0,Spain,87200.0,117300.0
ludmilla,LUDMILLA,Music,28600000.0,Brazil,77000.0,115300.0
ferrari,Ferrari,Luxury,23900000.0,United States,87500.0,114900.0
nickyjam,NICKY JAM,Music,43900000.0,Spain,81800.0,113300.0
theshilpashetty,Shilpa Shetty Kundra,Cinema & Actors/actresses,27400000.0,India,97600.0,112700.0
apple,apple,Computers & Gadgets,29000000.0,India,83200.0,112500.0
natgeo,National Geographic,Nature & landscapes,250300000.0,United States,88200.0,112300.0
netflixbrasil,Netflix Brasil,Shows,34200000.0,Brazil,63900.0,109300.0
sportscenter,SportsCenter,Sports with a ball,32500000.0,United States,60700.0,108900.0
ivetesangalo,Veveta,Music,35000000.0,Brazil,83600.0,108100.0
gadiiing,Gading Marten,Shows,23300000.0,Indonesia,64099.99999999999,103300.0
marvel,Marvel Entertainment,Cinema & Actors/actresses,67300000.0,India,86500.0,102800.0
wizkhalifa,Wiz Khalifa,Music,39400000.0,India,72900.0,102100.0
sonamkapoor,Sonam Kapoor Ahuja,Fashion,34200000.0,India,84900.0,100500.0
earthpix,ğŸŒ  EarthPix  ğŸŒ,Nature & landscapes,23300000.0,United States,77300.0,100200.0
thenotoriousmma,Conor McGregor Official,Fitness & Gym,46100000.0,United States,68500.0,99300.0
rockstargames,Rockstar Games,Cars & Motorbikes,24000000.0,United States,79800.0,98800.0
nba,NBA,Sports with a ball,73900000.0,United States,59900.0,97100.0
simonemendes,Simone Mendes,Music,36000000.0,Brazil,76700.0,97000.0
aliciakeys,Alicia Keys,Music,24800000.0,United States,72300.0,96800.0
jokowi,Joko Widodo,Finance & Economics,49400000.0,Indonesia,76000.0,95200.0
whinderssonnunes,Whindersson Nunes,Humor & Fun & Happiness,58600000.0,Brazil,61000.0,94200.0
sofiavergara,Sofia Vergara,Cinema & Actors/actresses,27500000.0,United States,70300.0,91700.0
ronaldinho,Ronaldo de Assis Moreira,Sports with a ball,69100000.0,Brazil,52700.0,91600.0
princessyahrini,SYAHRINI,Music,41200000.0,Indonesia,68800.0,90400.0
vanessahudgens,ğŸ”®Vanessa HudgensğŸ”®,Cinema & Actors/actresses,47900000.0,United States,54400.0,89400.0
floydmayweather,Floyd Mayweather,Fitness & Gym,28500000.0,United States,49600.0,86800.0
ciara,Ciara,Music,33200000.000000004,United States,63800.0,86800.0
viavallen,Via Vallen,Music,27800000.0,Indonesia,67900.0,84600.0
liverpoolfc,Liverpool Football Club,Sports with a ball,41100000.0,United Kingdom,58900.0,82600.0
disney,Disney,Shows,35700000.0,United States,66700.0,81800.0
leonardodicaprio,Leonardo DiCaprio,Cinema & Actors/actresses,56000000.0,United States,63500.0,79100.0
katherinelangford,KATHERINE LANGFORD,Cinema & Actors/actresses,31800000.0,India,55000.0,78700.0
kevinhart4real,Kevin Hart,Cinema & Actors/actresses,160000000.0,United States,58300.0,75400.0
nike,Nike,Fitness & Gym,252300000.0,United States,56100.0,72800.0
juventus,Juventus,Sports with a ball,55900000.0,India,49200.0,71800.0
nickjonas,Nick Jonas,Music,33500000.0,United States,49300.0,70100.0
voguemagazine,Vogue,Literature & Journalism,41800000.0,United States,42000.0,63400.0
manchesterunited,Manchester United,Sports with a ball,60700000.0,United Kingdom,35600.0,60300.0
premierleague,Premier League,Sports with a ball,61600000.0,United Kingdom,38700.0,59700.0
nikefootball,Nike Football (Soccer),Sports with a ball,45500000.0,Brazil,37800.0,58500.0
tatawerneck,Tata Werneck,Cinema & Actors/actresses,54600000.0,Brazil,31400.0,48700.0
snoopdogg,snoopdogg,Lifestyle,78300000.0,United States,23800.0,34200.0
